{"version": "1", "message": "ERROR: Hidden Testcases server unreachable.", "problem_id": "ads2_m6_a1_1", "user_id": "pranay0124@msitprogram.net", "score": {"sample": {"0": {"execution_time": 0.46470141410827637, "passed": false}, "1": {"execution_time": 0.41389894485473633, "passed": false}, "2": {"execution_time": 0.4119699001312256, "passed": false}, "3": {"execution_time": 0.44088196754455566, "passed": false}, "4": {"execution_time": 0.4681434631347656, "passed": false}, "5": {"execution_time": 0.44580721855163574, "passed": false}, "6": {"execution_time": 0.44896745681762695, "passed": false}, "7": {"execution_time": 0.4189767837524414, "passed": false}, "8": {"execution_time": 0.43787288665771484, "passed": false}, "9": {"execution_time": 0.4369208812713623, "passed": false}, "10": {"execution_time": 0.4040205478668213, "passed": false}, "11": {"execution_time": 0.45776987075805664, "passed": false}}}, "check_style_score": "0/1"}