{"version": "1", "message": "ERROR: Hidden Testcases server unreachable.", "problem_id": "ads2_m6_a1_1", "user_id": "pranay0124@msitprogram.net", "score": {"sample": {"0": {"execution_time": 0.47872424125671387, "passed": false}, "1": {"execution_time": 0.5106987953186035, "passed": false}, "2": {"execution_time": 0.47380661964416504, "passed": false}, "3": {"execution_time": 0.46876978874206543, "passed": false}, "4": {"execution_time": 0.46263670921325684, "passed": false}, "5": {"execution_time": 0.450838565826416, "passed": false}, "6": {"execution_time": 0.44574952125549316, "passed": false}, "7": {"execution_time": 0.4916815757751465, "passed": false}, "8": {"execution_time": 0.47668886184692383, "passed": false}, "9": {"execution_time": 0.44581079483032227, "passed": false}, "10": {"execution_time": 0.4607973098754883, "passed": false}, "11": {"execution_time": 0.4687466621398926, "passed": false}}}, "check_style_score": "0/1"}