{"version": "1", "message": "ERROR: Hidden Testcases server unreachable.", "problem_id": "ads2_m6_a1_1", "user_id": "pranay0124@msitprogram.net", "score": {"sample": {"0": {"execution_time": 0.4808511734008789, "passed": false}, "1": {"execution_time": 0.5703938007354736, "passed": false}, "2": {"execution_time": 0.5833313465118408, "passed": false}, "3": {"execution_time": 0.5425467491149902, "passed": false}, "4": {"execution_time": 0.506645917892456, "passed": false}, "5": {"execution_time": 0.5665946006774902, "passed": false}, "6": {"execution_time": 0.5401227474212646, "passed": false}, "7": {"execution_time": 0.5476353168487549, "passed": false}, "8": {"execution_time": 0.4675929546356201, "passed": false}, "9": {"execution_time": 0.4479641914367676, "passed": false}, "10": {"execution_time": 0.529477596282959, "passed": false}, "11": {"execution_time": 0.5356094837188721, "passed": false}}}, "check_style_score": "0/1"}