{"version": "1", "message": "ERROR: Hidden Testcases server unreachable.", "problem_id": "ads2_m6_a1_1", "user_id": "pranay0124@msitprogram.net", "score": {"sample": {"0": {"execution_time": 0.4886443614959717, "passed": false}, "1": {"execution_time": 0.48070764541625977, "passed": false}, "2": {"execution_time": 0.47214436531066895, "passed": false}, "3": {"execution_time": 0.5027599334716797, "passed": false}, "4": {"execution_time": 0.46988391876220703, "passed": false}, "5": {"execution_time": 0.46764659881591797, "passed": false}, "6": {"execution_time": 0.19148874282836914, "passed": false}, "7": {"execution_time": 0.18051767349243164, "passed": false}, "8": {"execution_time": 0.17157244682312012, "passed": false}, "9": {"execution_time": 0.198469877243042, "passed": false}, "10": {"execution_time": 0.1765294075012207, "passed": false}, "11": {"execution_time": 0.17154240608215332, "passed": false}}}, "check_style_score": "0/1"}