{"version": "1", "message": "ERROR: Hidden Testcases server unreachable.", "problem_id": "ads2_m6_a1_1", "user_id": "pranay0124@msitprogram.net", "score": {"sample": {"0": {"execution_time": 0.5017220973968506, "passed": false}, "1": {"execution_time": 0.513608455657959, "passed": false}, "2": {"execution_time": 0.5235555171966553, "passed": false}, "3": {"execution_time": 0.5025982856750488, "passed": false}, "4": {"execution_time": 0.5088038444519043, "passed": false}, "5": {"execution_time": 0.4987013339996338, "passed": false}, "6": {"execution_time": 0.49721264839172363, "passed": false}, "7": {"execution_time": 0.4985466003417969, "passed": false}, "8": {"execution_time": 0.4914543628692627, "passed": false}, "9": {"execution_time": 0.5020790100097656, "passed": false}, "10": {"execution_time": 0.4927074909210205, "passed": false}, "11": {"execution_time": 0.5355641841888428, "passed": false}}}, "check_style_score": "0/1"}