{"version": "1", "message": "ERROR: Hidden Testcases server unreachable.", "problem_id": "ads2_m6_a1_1", "user_id": "pranay0124@msitprogram.net", "score": {"sample": {"0": {"execution_time": 0.5299263000488281, "passed": false}, "1": {"execution_time": 0.5411827564239502, "passed": false}, "2": {"execution_time": 0.514939546585083, "passed": false}, "3": {"execution_time": 0.5340654850006104, "passed": false}, "4": {"execution_time": 0.5538716316223145, "passed": false}, "5": {"execution_time": 0.5996503829956055, "passed": true}, "6": {"execution_time": 0.533785343170166, "passed": true}, "7": {"execution_time": 0.5627617835998535, "passed": false}, "8": {"execution_time": 0.5489747524261475, "passed": true}, "9": {"execution_time": 0.5142736434936523, "passed": false}, "10": {"execution_time": 0.5318460464477539, "passed": true}, "11": {"execution_time": 0.5401413440704346, "passed": false}}}, "check_style_score": "1/1"}