{"version": "1", "message": "ERROR: Hidden Testcases server unreachable.", "problem_id": "ads2_m6_a1_1", "user_id": "pranay0124@msitprogram.net", "score": {"sample": {"0": {"execution_time": 0.5026557445526123, "passed": false}, "1": {"execution_time": 0.48964667320251465, "passed": false}, "2": {"execution_time": 0.475736141204834, "passed": false}, "3": {"execution_time": 0.4807133674621582, "passed": false}, "4": {"execution_time": 0.48668384552001953, "passed": false}, "5": {"execution_time": 0.49280762672424316, "passed": false}, "6": {"execution_time": 0.46957993507385254, "passed": false}, "7": {"execution_time": 0.45731258392333984, "passed": false}, "8": {"execution_time": 0.4677915573120117, "passed": false}, "9": {"execution_time": 0.46178245544433594, "passed": false}, "10": {"execution_time": 0.5144450664520264, "passed": false}, "11": {"execution_time": 0.46291184425354004, "passed": false}}}, "check_style_score": "0/1"}