{"version": "1", "message": "ERROR: Hidden Testcases server unreachable.", "problem_id": "ads2_m6_a1_1", "user_id": "pranay0124@msitprogram.net", "score": {"sample": {"0": {"execution_time": 0.6391856670379639, "passed": false}, "1": {"execution_time": 0.5692739486694336, "passed": false}, "2": {"execution_time": 0.49692463874816895, "passed": false}, "3": {"execution_time": 0.6438877582550049, "passed": false}, "4": {"execution_time": 0.6355087757110596, "passed": false}, "5": {"execution_time": 0.7031235694885254, "passed": true}, "6": {"execution_time": 0.7330317497253418, "passed": true}, "7": {"execution_time": 0.5714685916900635, "passed": false}, "8": {"execution_time": 0.567481279373169, "passed": true}, "9": {"execution_time": 0.86781907081604, "passed": false}, "10": {"execution_time": 0.552642822265625, "passed": true}, "11": {"execution_time": 0.6010982990264893, "passed": false}}}, "check_style_score": "0/1"}