{"version": "1", "message": "ERROR: Hidden Testcases server unreachable.", "problem_id": "ads2_m6_a1_1", "user_id": "pranay0124@msitprogram.net", "score": {"sample": {"0": {"execution_time": 0.5027837753295898, "passed": false}, "1": {"execution_time": 0.5236821174621582, "passed": false}, "2": {"execution_time": 0.5036523342132568, "passed": false}, "3": {"execution_time": 0.48058152198791504, "passed": false}, "4": {"execution_time": 0.5077438354492188, "passed": false}, "5": {"execution_time": 0.4927825927734375, "passed": false}, "6": {"execution_time": 0.5186152458190918, "passed": false}, "7": {"execution_time": 0.4986231327056885, "passed": false}, "8": {"execution_time": 0.5046343803405762, "passed": false}, "9": {"execution_time": 0.49477195739746094, "passed": false}, "10": {"execution_time": 0.4996347427368164, "passed": false}, "11": {"execution_time": 0.5145196914672852, "passed": false}}}, "check_style_score": "0/1"}