{"version": "1", "message": "ERROR: Hidden Testcases server unreachable.", "problem_id": "ads2_m6_a1_1", "user_id": "pranay0124@msitprogram.net", "score": {"sample": {"0": {"execution_time": 0.5016968250274658, "passed": false}, "1": {"execution_time": 0.5086350440979004, "passed": false}, "2": {"execution_time": 0.4599437713623047, "passed": false}, "3": {"execution_time": 0.4567556381225586, "passed": false}, "4": {"execution_time": 0.5166540145874023, "passed": false}, "5": {"execution_time": 0.5095231533050537, "passed": false}, "6": {"execution_time": 0.4985799789428711, "passed": false}, "7": {"execution_time": 0.4802544116973877, "passed": false}, "8": {"execution_time": 0.48160886764526367, "passed": false}, "9": {"execution_time": 0.48357081413269043, "passed": false}, "10": {"execution_time": 0.46180248260498047, "passed": false}, "11": {"execution_time": 0.49976491928100586, "passed": false}}}, "check_style_score": "0/1"}