{"version": "1", "message": "ERROR: Hidden Testcases server unreachable.", "problem_id": "ads2_m6_a1_1", "user_id": "pranay0124@msitprogram.net", "score": {"sample": {"0": {"execution_time": 0.1825122833251953, "passed": false}, "1": {"execution_time": 0.1765272617340088, "passed": false}, "2": {"execution_time": 0.18050289154052734, "passed": false}, "3": {"execution_time": 0.2074451446533203, "passed": false}, "4": {"execution_time": 0.18646812438964844, "passed": false}, "5": {"execution_time": 0.20840048789978027, "passed": true}, "6": {"execution_time": 0.18849658966064453, "passed": true}, "7": {"execution_time": 0.18944740295410156, "passed": false}, "8": {"execution_time": 0.17852163314819336, "passed": true}, "9": {"execution_time": 0.1984705924987793, "passed": false}, "10": {"execution_time": 0.18256211280822754, "passed": true}, "11": {"execution_time": 0.1815052032470703, "passed": false}}}, "check_style_score": "0/1"}