{"version": "1", "message": "ERROR: Hidden Testcases server unreachable.", "problem_id": "ads2_m6_a1_1", "user_id": "pranay0124@msitprogram.net", "score": {"sample": {"0": {"execution_time": 0.5469808578491211, "passed": false}, "1": {"execution_time": 0.5413613319396973, "passed": false}, "2": {"execution_time": 0.5245199203491211, "passed": false}, "3": {"execution_time": 0.5643293857574463, "passed": false}, "4": {"execution_time": 0.5592560768127441, "passed": false}, "5": {"execution_time": 0.5743744373321533, "passed": true}, "6": {"execution_time": 0.542241096496582, "passed": true}, "7": {"execution_time": 0.5630702972412109, "passed": false}, "8": {"execution_time": 0.5124928951263428, "passed": true}, "9": {"execution_time": 0.5587549209594727, "passed": false}, "10": {"execution_time": 0.5587179660797119, "passed": true}, "11": {"execution_time": 0.555626392364502, "passed": false}}}, "check_style_score": "1/1"}