{"version": "1", "message": "ERROR: Hidden Testcases server unreachable.", "problem_id": "ads2_m6_a1_1", "user_id": "pranay0124@msitprogram.net", "score": {"sample": {"0": {"execution_time": 0.7359888553619385, "passed": false}, "1": {"execution_time": 0.46268582344055176, "passed": false}, "2": {"execution_time": 0.43875765800476074, "passed": false}, "3": {"execution_time": 0.40192723274230957, "passed": false}, "4": {"execution_time": 0.46971678733825684, "passed": false}, "5": {"execution_time": 0.4526402950286865, "passed": false}, "6": {"execution_time": 0.4274942874908447, "passed": false}, "7": {"execution_time": 0.43965673446655273, "passed": false}, "8": {"execution_time": 0.44881296157836914, "passed": false}, "9": {"execution_time": 0.4485149383544922, "passed": false}, "10": {"execution_time": 0.4258556365966797, "passed": false}, "11": {"execution_time": 0.4805419445037842, "passed": false}}}, "check_style_score": "0/1"}