{"version": "1", "message": "ERROR: Hidden Testcases server unreachable.", "problem_id": "ads2_m6_a1_1", "user_id": "pranay0124@msitprogram.net", "score": {"sample": {"0": {"execution_time": 0.45877504348754883, "passed": false}, "1": {"execution_time": 0.5263612270355225, "passed": false}, "2": {"execution_time": 0.52665114402771, "passed": false}, "3": {"execution_time": 0.5046505928039551, "passed": false}, "4": {"execution_time": 0.5006606578826904, "passed": false}, "5": {"execution_time": 0.5664567947387695, "passed": false}, "6": {"execution_time": 0.5040364265441895, "passed": false}, "7": {"execution_time": 0.4658839702606201, "passed": false}, "8": {"execution_time": 0.4756791591644287, "passed": false}, "9": {"execution_time": 0.5067675113677979, "passed": false}, "10": {"execution_time": 0.5067853927612305, "passed": false}, "11": {"execution_time": 0.47968578338623047, "passed": false}}}, "check_style_score": "0/1"}