{"version": "1", "message": "ERROR: Hidden Testcases server unreachable.", "problem_id": "ads2_m6_a1_1", "user_id": "pranay0124@msitprogram.net", "score": {"sample": {"0": {"execution_time": 0.18451285362243652, "passed": false}, "1": {"execution_time": 0.19148802757263184, "passed": false}, "2": {"execution_time": 0.19548368453979492, "passed": false}, "3": {"execution_time": 0.18849921226501465, "passed": false}, "4": {"execution_time": 0.18051791191101074, "passed": false}, "5": {"execution_time": 0.19646835327148438, "passed": true}, "6": {"execution_time": 0.1735372543334961, "passed": true}, "7": {"execution_time": 0.18350934982299805, "passed": false}, "8": {"execution_time": 0.18545937538146973, "passed": true}, "9": {"execution_time": 0.2034595012664795, "passed": false}, "10": {"execution_time": 0.1765296459197998, "passed": true}, "11": {"execution_time": 0.19547820091247559, "passed": false}}}, "check_style_score": "0/1"}