{"version": "1", "message": "ERROR: Hidden Testcases server unreachable.", "problem_id": "ads2_m6_a1_1", "user_id": "pranay0124@msitprogram.net", "score": {"sample": {"0": {"execution_time": 0.5794463157653809, "passed": false}, "1": {"execution_time": 0.618765115737915, "passed": false}, "2": {"execution_time": 0.5993385314941406, "passed": false}, "3": {"execution_time": 0.5759153366088867, "passed": false}, "4": {"execution_time": 0.5967750549316406, "passed": false}, "5": {"execution_time": 0.5416991710662842, "passed": false}, "6": {"execution_time": 0.5461366176605225, "passed": false}, "7": {"execution_time": 0.5332701206207275, "passed": false}, "8": {"execution_time": 0.5443069934844971, "passed": false}, "9": {"execution_time": 0.6469595432281494, "passed": false}, "10": {"execution_time": 0.5349838733673096, "passed": false}, "11": {"execution_time": 0.5421390533447266, "passed": false}}}, "check_style_score": "0/1"}