{"version": "1", "message": "ERROR: Hidden Testcases server unreachable.", "problem_id": "ads2_m6_a1_1", "user_id": "pranay0124@msitprogram.net", "score": {"sample": {"0": {"execution_time": 0.4769105911254883, "passed": false}, "1": {"execution_time": 0.4757695198059082, "passed": false}, "2": {"execution_time": 0.4601249694824219, "passed": false}, "3": {"execution_time": 0.42789340019226074, "passed": false}, "4": {"execution_time": 0.46282434463500977, "passed": false}, "5": {"execution_time": 0.45780515670776367, "passed": false}, "6": {"execution_time": 0.448793888092041, "passed": false}, "7": {"execution_time": 0.47372961044311523, "passed": false}, "8": {"execution_time": 0.4448206424713135, "passed": false}, "9": {"execution_time": 0.43184447288513184, "passed": false}, "10": {"execution_time": 0.43093204498291016, "passed": false}, "11": {"execution_time": 0.3980226516723633, "passed": false}}}, "check_style_score": "0/1"}