{"version": "1", "message": "ERROR: Hidden Testcases server unreachable.", "problem_id": "ads2_m6_a1_1", "user_id": "pranay0124@msitprogram.net", "score": {"sample": {"0": {"execution_time": 0.19152188301086426, "passed": false}, "1": {"execution_time": 0.18051600456237793, "passed": false}, "2": {"execution_time": 0.15660691261291504, "passed": false}, "3": {"execution_time": 0.18550586700439453, "passed": false}, "4": {"execution_time": 0.17253732681274414, "passed": false}, "5": {"execution_time": 0.1735680103302002, "passed": false}, "6": {"execution_time": 0.18054723739624023, "passed": false}, "7": {"execution_time": 0.16755318641662598, "passed": false}, "8": {"execution_time": 0.17955231666564941, "passed": false}, "9": {"execution_time": 0.1655893325805664, "passed": false}, "10": {"execution_time": 0.1715407371520996, "passed": false}, "11": {"execution_time": 0.17456412315368652, "passed": false}}}, "check_style_score": "0/1"}