{"version": "1", "message": "ERROR: Hidden Testcases server unreachable.", "problem_id": "ads2_m6_a1_1", "user_id": "pranay0124@msitprogram.net", "score": {"sample": {"0": {"execution_time": 0.5106744766235352, "passed": false}, "1": {"execution_time": 0.48664379119873047, "passed": false}, "2": {"execution_time": 0.4795987606048584, "passed": false}, "3": {"execution_time": 0.49472713470458984, "passed": false}, "4": {"execution_time": 0.467740535736084, "passed": false}, "5": {"execution_time": 0.4945838451385498, "passed": false}, "6": {"execution_time": 0.5087289810180664, "passed": false}, "7": {"execution_time": 0.4953596591949463, "passed": false}, "8": {"execution_time": 0.5066461563110352, "passed": false}, "9": {"execution_time": 0.5015890598297119, "passed": false}, "10": {"execution_time": 0.45093870162963867, "passed": false}, "11": {"execution_time": 0.4557363986968994, "passed": false}}}, "check_style_score": "0/1"}