{"version": "1", "message": "ERROR: Hidden Testcases server unreachable.", "problem_id": "ads2_m6_a1_1", "user_id": "pranay0124@msitprogram.net", "score": {"sample": {"0": {"execution_time": 0.17352652549743652, "passed": false}, "1": {"execution_time": 0.18051815032958984, "passed": false}, "2": {"execution_time": 0.18148231506347656, "passed": false}, "3": {"execution_time": 0.20245838165283203, "passed": false}, "4": {"execution_time": 0.19447898864746094, "passed": false}, "5": {"execution_time": 0.21342921257019043, "passed": true}, "6": {"execution_time": 0.18850421905517578, "passed": true}, "7": {"execution_time": 0.18247699737548828, "passed": false}, "8": {"execution_time": 0.193497896194458, "passed": true}, "9": {"execution_time": 0.19747257232666016, "passed": false}, "10": {"execution_time": 0.19150304794311523, "passed": true}, "11": {"execution_time": 0.1906900405883789, "passed": false}}}, "check_style_score": "0/1"}