{"version": "1", "message": "ERROR: Hidden Testcases server unreachable.", "problem_id": "ads2_m6_a1_1", "user_id": "pranay0124@msitprogram.net", "score": {"sample": {"0": {"execution_time": 0.9701993465423584, "passed": false}, "1": {"execution_time": 0.5133011341094971, "passed": false}, "2": {"execution_time": 0.5364327430725098, "passed": false}, "3": {"execution_time": 0.5503692626953125, "passed": false}, "4": {"execution_time": 0.5441875457763672, "passed": false}, "5": {"execution_time": 0.5309269428253174, "passed": false}, "6": {"execution_time": 0.5775914192199707, "passed": false}, "7": {"execution_time": 0.5795016288757324, "passed": false}, "8": {"execution_time": 0.524832010269165, "passed": false}, "9": {"execution_time": 0.5285348892211914, "passed": false}, "10": {"execution_time": 0.5650558471679688, "passed": false}, "11": {"execution_time": 0.6292791366577148, "passed": false}}}, "check_style_score": "0/1"}