{"version": "1", "message": "ERROR: Hidden Testcases server unreachable.", "problem_id": "ads2_m6_a1_1", "user_id": "pranay0124@msitprogram.net", "score": {"sample": {"0": {"execution_time": 0.5488452911376953, "passed": false}, "1": {"execution_time": 0.5176835060119629, "passed": false}, "2": {"execution_time": 0.575007438659668, "passed": false}, "3": {"execution_time": 0.5723941326141357, "passed": false}, "4": {"execution_time": 0.5706732273101807, "passed": false}, "5": {"execution_time": 0.5945117473602295, "passed": false}, "6": {"execution_time": 0.5268950462341309, "passed": false}, "7": {"execution_time": 0.5517981052398682, "passed": false}, "8": {"execution_time": 0.5451123714447021, "passed": false}, "9": {"execution_time": 0.5721793174743652, "passed": false}, "10": {"execution_time": 0.6205003261566162, "passed": false}, "11": {"execution_time": 0.5663406848907471, "passed": false}}}, "check_style_score": "0/1"}