{"version": "1", "message": "ERROR: Hidden Testcases server unreachable.", "problem_id": "ads2_m6_a1_1", "user_id": "pranay0124@msitprogram.net", "score": {"sample": {"0": {"execution_time": 0.47188377380371094, "passed": false}, "1": {"execution_time": 0.5013132095336914, "passed": false}, "2": {"execution_time": 0.4936070442199707, "passed": false}, "3": {"execution_time": 0.4866158962249756, "passed": false}, "4": {"execution_time": 0.4718813896179199, "passed": false}, "5": {"execution_time": 0.46588826179504395, "passed": false}, "6": {"execution_time": 0.4667489528656006, "passed": false}, "7": {"execution_time": 0.4777107238769531, "passed": false}, "8": {"execution_time": 0.5194296836853027, "passed": false}, "9": {"execution_time": 0.46073389053344727, "passed": false}, "10": {"execution_time": 0.465747594833374, "passed": false}, "11": {"execution_time": 0.4905741214752197, "passed": false}}}, "check_style_score": "0/1"}