{"version": "1", "message": "ERROR: Hidden Testcases server unreachable.", "problem_id": "ads2_m6_a1_1", "user_id": "pranay0124@msitprogram.net", "score": {"sample": {"0": {"execution_time": 0.5046591758728027, "passed": false}, "1": {"execution_time": 0.5036635398864746, "passed": false}, "2": {"execution_time": 0.559844970703125, "passed": false}, "3": {"execution_time": 0.5738108158111572, "passed": false}, "4": {"execution_time": 0.5096640586853027, "passed": false}, "5": {"execution_time": 0.5019350051879883, "passed": false}, "6": {"execution_time": 0.5227067470550537, "passed": false}, "7": {"execution_time": 0.4877002239227295, "passed": false}, "8": {"execution_time": 0.44979238510131836, "passed": false}, "9": {"execution_time": 0.47777318954467773, "passed": false}, "10": {"execution_time": 0.4817166328430176, "passed": false}, "11": {"execution_time": 0.47568726539611816, "passed": false}}}, "check_style_score": "0/1"}