{"version": "1", "message": "ERROR: Hidden Testcases server unreachable.", "problem_id": "ads2_m6_a1_1", "user_id": "pranay0124@msitprogram.net", "score": {"sample": {"0": {"execution_time": 0.4878361225128174, "passed": false}, "1": {"execution_time": 0.4955861568450928, "passed": false}, "2": {"execution_time": 0.4736640453338623, "passed": false}, "3": {"execution_time": 0.4757232666015625, "passed": false}, "4": {"execution_time": 0.4767289161682129, "passed": false}, "5": {"execution_time": 0.4479031562805176, "passed": false}, "6": {"execution_time": 0.4826650619506836, "passed": false}, "7": {"execution_time": 0.5095603466033936, "passed": false}, "8": {"execution_time": 0.5015666484832764, "passed": false}, "9": {"execution_time": 0.48067617416381836, "passed": false}, "10": {"execution_time": 0.48470354080200195, "passed": false}, "11": {"execution_time": 0.4837014675140381, "passed": false}}}, "check_style_score": "0/1"}