{"version": "1", "message": "ERROR: Hidden Testcases server unreachable.", "problem_id": "ads2_m6_a1_1", "user_id": "pranay0124@msitprogram.net", "score": {"sample": {"0": {"execution_time": 0.23238015174865723, "passed": false}, "1": {"execution_time": 0.18853044509887695, "passed": false}, "2": {"execution_time": 0.17253684997558594, "passed": false}, "3": {"execution_time": 0.19747138023376465, "passed": false}, "4": {"execution_time": 0.1875307559967041, "passed": false}, "5": {"execution_time": 0.19550776481628418, "passed": true}, "6": {"execution_time": 0.15857768058776855, "passed": true}, "7": {"execution_time": 0.1725914478302002, "passed": false}, "8": {"execution_time": 0.18854403495788574, "passed": true}, "9": {"execution_time": 0.1845388412475586, "passed": false}, "10": {"execution_time": 0.17855596542358398, "passed": true}, "11": {"execution_time": 0.16057133674621582, "passed": false}}}, "check_style_score": "0/1"}