{"version": "1", "message": "ERROR: Hidden Testcases server unreachable.", "problem_id": "ads2_m6_a1_1", "user_id": "pranay0124@msitprogram.net", "score": {"sample": {"0": {"execution_time": 0.17257165908813477, "passed": false}, "1": {"execution_time": 0.17856192588806152, "passed": false}, "2": {"execution_time": 0.19248628616333008, "passed": false}, "3": {"execution_time": 0.1945338249206543, "passed": false}, "4": {"execution_time": 0.19650554656982422, "passed": false}, "5": {"execution_time": 0.20345282554626465, "passed": true}, "6": {"execution_time": 0.1735692024230957, "passed": true}, "7": {"execution_time": 0.19647717475891113, "passed": false}, "8": {"execution_time": 0.16659188270568848, "passed": true}, "9": {"execution_time": 0.18852925300598145, "passed": false}, "10": {"execution_time": 0.17556476593017578, "passed": true}, "11": {"execution_time": 0.19447851181030273, "passed": false}}}, "check_style_score": "0/1"}