{"version": "1", "message": "ERROR: Hidden Testcases server unreachable.", "problem_id": "ads2_m6_a1_1", "user_id": "pranay0124@msitprogram.net", "score": {"sample": {"0": {"execution_time": 0.5274991989135742, "passed": false}, "1": {"execution_time": 0.5156347751617432, "passed": false}, "2": {"execution_time": 0.49354100227355957, "passed": false}, "3": {"execution_time": 0.5265884399414062, "passed": false}, "4": {"execution_time": 0.5146274566650391, "passed": false}, "5": {"execution_time": 0.48201680183410645, "passed": false}, "6": {"execution_time": 0.47969841957092285, "passed": false}, "7": {"execution_time": 0.509737491607666, "passed": false}, "8": {"execution_time": 0.4698448181152344, "passed": false}, "9": {"execution_time": 0.5415499210357666, "passed": false}, "10": {"execution_time": 0.4568765163421631, "passed": false}, "11": {"execution_time": 0.486647367477417, "passed": false}}}, "check_style_score": "0/1"}