{"version": "1", "message": "ERROR: Hidden Testcases server unreachable.", "problem_id": "ads2_m6_a1_1", "user_id": "pranay0124@msitprogram.net", "score": {"sample": {"0": {"execution_time": 0.4837055206298828, "passed": false}, "1": {"execution_time": 0.4651052951812744, "passed": false}, "2": {"execution_time": 0.4555952548980713, "passed": false}, "3": {"execution_time": 0.43080735206604004, "passed": false}, "4": {"execution_time": 0.43886423110961914, "passed": false}, "5": {"execution_time": 0.4422798156738281, "passed": false}, "6": {"execution_time": 0.4556596279144287, "passed": false}, "7": {"execution_time": 0.44765400886535645, "passed": false}, "8": {"execution_time": 0.6822249889373779, "passed": false}, "9": {"execution_time": 0.46475958824157715, "passed": false}, "10": {"execution_time": 0.41899967193603516, "passed": false}, "11": {"execution_time": 0.4587583541870117, "passed": false}}}, "check_style_score": "0/1"}