{"version": "1", "message": "ERROR: Hidden Testcases server unreachable.", "problem_id": "ads2_m6_a1_1", "user_id": "pranay0124@msitprogram.net", "score": {"sample": {"0": {"execution_time": 0.16954851150512695, "passed": false}, "1": {"execution_time": 0.18354010581970215, "passed": false}, "2": {"execution_time": 0.17252826690673828, "passed": false}, "3": {"execution_time": 0.19248485565185547, "passed": false}, "4": {"execution_time": 0.20046138763427734, "passed": false}, "5": {"execution_time": 0.21143269538879395, "passed": true}, "6": {"execution_time": 0.18949079513549805, "passed": true}, "7": {"execution_time": 0.19550800323486328, "passed": false}, "8": {"execution_time": 0.17852234840393066, "passed": true}, "9": {"execution_time": 0.20046639442443848, "passed": false}, "10": {"execution_time": 0.1695711612701416, "passed": true}, "11": {"execution_time": 0.19646286964416504, "passed": false}}}, "check_style_score": "0/1"}