{"version": "1", "message": "ERROR: Hidden Testcases server unreachable.", "problem_id": "ads2_m16_a1_1", "user_id": "pranay0124@msitprogram.net", "score": {"sample": {"0": {"execution_time": 0.20249319076538086, "passed": true}, "1": {"execution_time": 0.20446372032165527, "passed": true}, "2": {"execution_time": 0.4380190372467041, "passed": true}, "3": {"execution_time": 0.41989779472351074, "passed": true}, "4": {"execution_time": 0.4278569221496582, "passed": true}, "5": {"execution_time": 0.45009589195251465, "passed": true}, "6": {"execution_time": 0.4507935047149658, "passed": true}, "7": {"execution_time": 0.43497562408447266, "passed": true}, "8": {"execution_time": 0.2473280429840088, "passed": true}, "9": {"execution_time": 0.44880104064941406, "passed": true}, "10": {"execution_time": 0.4479398727416992, "passed": true}, "11": {"execution_time": 3.212794542312622, "passed": true}, "12": {"execution_time": 0.44184041023254395, "passed": true}, "13": {"execution_time": 0.19149541854858398, "passed": true}, "14": {"execution_time": 0.44795918464660645, "passed": true}, "15": {"execution_time": 0.4338397979736328, "passed": true}, "16": {"execution_time": 0.21741819381713867, "passed": true}, "17": {"execution_time": 0.23641657829284668, "passed": true}, "18": {"execution_time": 0.2410438060760498, "passed": true}, "19": {"execution_time": 0.23538613319396973, "passed": true}, "20": {"execution_time": 0.25527334213256836, "passed": true}, "21": {"execution_time": 0.2120060920715332, "passed": true}, "22": {"execution_time": 0.2154827117919922, "passed": true}, "23": {"execution_time": 0.2349247932434082, "passed": true}, "24": {"execution_time": 0.18056583404541016, "passed": true}, "25": {"execution_time": 0.6083974838256836, "passed": true}, "26": {"execution_time": 0.457352876663208, "passed": true}, "27": {"execution_time": 0.5824871063232422, "passed": true}, "28": {"execution_time": 0.7935788631439209, "passed": true}, "29": {"execution_time": 0.188493013381958, "passed": true}}}, "check_style_score": "0/1"}