{"version": "1", "message": "ERROR: Hidden Testcases server unreachable.", "problem_id": "ads2_m16_a1_1", "user_id": "pranay0124@msitprogram.net", "score": {"sample": {"0": {"execution_time": 0.19650602340698242, "passed": true}, "1": {"execution_time": 0.2044539451599121, "passed": true}, "2": {"execution_time": 0.42452502250671387, "passed": true}, "3": {"execution_time": 0.4528636932373047, "passed": true}, "4": {"execution_time": 0.4218738079071045, "passed": true}, "5": {"execution_time": 0.44291186332702637, "passed": true}, "6": {"execution_time": 0.4304330348968506, "passed": true}, "7": {"execution_time": 0.42389464378356934, "passed": true}, "8": {"execution_time": 0.2364046573638916, "passed": true}, "9": {"execution_time": 0.4117562770843506, "passed": true}, "10": {"execution_time": 0.4278843402862549, "passed": true}, "11": {"execution_time": 3.0835087299346924, "passed": true}, "12": {"execution_time": 0.44146060943603516, "passed": true}, "13": {"execution_time": 0.1930375099182129, "passed": true}, "14": {"execution_time": 0.4490032196044922, "passed": true}, "15": {"execution_time": 0.446840763092041, "passed": true}, "16": {"execution_time": 0.2140192985534668, "passed": true}, "17": {"execution_time": 0.2338576316833496, "passed": true}, "18": {"execution_time": 0.2244243621826172, "passed": true}, "19": {"execution_time": 0.23338675498962402, "passed": true}, "20": {"execution_time": 0.2717914581298828, "passed": true}, "21": {"execution_time": 0.24438071250915527, "passed": true}, "22": {"execution_time": 0.2216343879699707, "passed": true}, "23": {"execution_time": 0.24089384078979492, "passed": true}, "24": {"execution_time": 0.17054510116577148, "passed": true}, "25": {"execution_time": 0.550344705581665, "passed": true}, "26": {"execution_time": 0.4452505111694336, "passed": true}, "27": {"execution_time": 0.5964562892913818, "passed": true}, "28": {"execution_time": 0.8422379493713379, "passed": true}, "29": {"execution_time": 0.19133710861206055, "passed": true}}}, "check_style_score": "0/1"}