{"version": "1", "message": "ERROR: Hidden Testcases server unreachable.", "problem_id": "ads2_m16_a1_1", "user_id": "pranay0124@msitprogram.net", "score": {"sample": {"0": {"execution_time": 0.6222162246704102, "passed": false}, "1": {"execution_time": 0.5064804553985596, "passed": false}, "2": {"execution_time": 1.0549676418304443, "passed": false}, "3": {"execution_time": 1.0392744541168213, "passed": false}, "4": {"execution_time": 1.0529675483703613, "passed": false}, "5": {"execution_time": 0.981942892074585, "passed": false}, "6": {"execution_time": 1.017467737197876, "passed": false}, "7": {"execution_time": 0.9522480964660645, "passed": false}, "8": {"execution_time": 0.6099507808685303, "passed": false}, "9": {"execution_time": 1.077678918838501, "passed": false}, "10": {"execution_time": 0.9577410221099854, "passed": false}, "11": {"execution_time": 0.48672008514404297, "passed": false}, "12": {"execution_time": 1.0432469844818115, "passed": false}, "13": {"execution_time": 0.5036609172821045, "passed": true}, "14": {"execution_time": 1.0391945838928223, "passed": false}, "15": {"execution_time": 1.0139124393463135, "passed": false}, "16": {"execution_time": 0.5928523540496826, "passed": false}, "17": {"execution_time": 0.5539417266845703, "passed": false}, "18": {"execution_time": 0.5826656818389893, "passed": false}, "19": {"execution_time": 0.5898551940917969, "passed": false}, "20": {"execution_time": 0.6116287708282471, "passed": false}, "21": {"execution_time": 0.5817790031433105, "passed": false}, "22": {"execution_time": 0.5663366317749023, "passed": false}, "23": {"execution_time": 0.6309325695037842, "passed": false}, "24": {"execution_time": 0.470980167388916, "passed": true}, "25": {"execution_time": 1.1173129081726074, "passed": false}, "26": {"execution_time": 0.971064567565918, "passed": false}, "27": {"execution_time": 0.9870331287384033, "passed": false}, "28": {"execution_time": 1.4751124382019043, "passed": false}, "29": {"execution_time": 0.5390217304229736, "passed": false}}}, "check_style_score": "1/1"}