{"version": "1", "message": "ERROR: Hidden Testcases server unreachable.", "problem_id": "ads2_m16_a1_1", "user_id": "pranay0124@msitprogram.net", "score": {"sample": {"0": {"execution_time": 0.19348502159118652, "passed": true}, "1": {"execution_time": 0.20848822593688965, "passed": true}, "2": {"execution_time": 0.42389869689941406, "passed": true}, "3": {"execution_time": 0.43881893157958984, "passed": true}, "4": {"execution_time": 0.43483972549438477, "passed": true}, "5": {"execution_time": 0.4578061103820801, "passed": true}, "6": {"execution_time": 0.44879913330078125, "passed": true}, "7": {"execution_time": 0.4358329772949219, "passed": true}, "8": {"execution_time": 0.25037479400634766, "passed": true}, "9": {"execution_time": 0.45706725120544434, "passed": true}, "10": {"execution_time": 0.4557795524597168, "passed": true}, "11": {"execution_time": 3.145590305328369, "passed": true}, "12": {"execution_time": 0.4328420162200928, "passed": true}, "13": {"execution_time": 0.19448041915893555, "passed": true}, "14": {"execution_time": 0.45677781105041504, "passed": true}, "15": {"execution_time": 0.4388260841369629, "passed": true}, "16": {"execution_time": 0.23060154914855957, "passed": true}, "17": {"execution_time": 0.21738362312316895, "passed": true}, "18": {"execution_time": 0.21938276290893555, "passed": true}, "19": {"execution_time": 0.23239612579345703, "passed": true}, "20": {"execution_time": 0.26130104064941406, "passed": true}, "21": {"execution_time": 0.2144162654876709, "passed": true}, "22": {"execution_time": 0.2154247760772705, "passed": true}, "23": {"execution_time": 0.23237943649291992, "passed": true}, "24": {"execution_time": 0.1658155918121338, "passed": true}, "25": {"execution_time": 0.5675253868103027, "passed": true}, "26": {"execution_time": 0.45179295539855957, "passed": true}, "27": {"execution_time": 0.5515227317810059, "passed": true}, "28": {"execution_time": 0.8277995586395264, "passed": true}, "29": {"execution_time": 0.18650031089782715, "passed": true}}}, "check_style_score": "0/1"}