{"version": "1", "message": "ERROR: Hidden Testcases server unreachable.", "problem_id": "ads2_m16_a1_1", "user_id": "pranay0124@msitprogram.net", "score": {"sample": {"0": {"execution_time": 0.5647680759429932, "passed": true}, "1": {"execution_time": 0.6272895336151123, "passed": false}, "2": {"execution_time": 1.1778881549835205, "passed": true}, "3": {"execution_time": 1.1996917724609375, "passed": true}, "4": {"execution_time": 1.256678819656372, "passed": true}, "5": {"execution_time": 1.3454368114471436, "passed": false}, "6": {"execution_time": 1.2586207389831543, "passed": false}, "7": {"execution_time": 1.2237646579742432, "passed": true}, "8": {"execution_time": 0.6452689170837402, "passed": false}, "9": {"execution_time": 1.3809459209442139, "passed": false}, "10": {"execution_time": 1.2179393768310547, "passed": false}, "11": {"execution_time": 0.45163917541503906, "passed": false}, "12": {"execution_time": 1.4667842388153076, "passed": false}, "13": {"execution_time": 0.43450093269348145, "passed": true}, "14": {"execution_time": 1.0945401191711426, "passed": false}, "15": {"execution_time": 1.2234561443328857, "passed": false}, "16": {"execution_time": 0.6018085479736328, "passed": true}, "17": {"execution_time": 0.6164774894714355, "passed": true}, "18": {"execution_time": 0.6192488670349121, "passed": false}, "19": {"execution_time": 0.6629006862640381, "passed": true}, "20": {"execution_time": 0.7650187015533447, "passed": false}, "21": {"execution_time": 0.5353250503540039, "passed": true}, "22": {"execution_time": 0.5631506443023682, "passed": true}, "23": {"execution_time": 0.6008801460266113, "passed": true}, "24": {"execution_time": 0.43553709983825684, "passed": true}, "25": {"execution_time": 1.427922010421753, "passed": false}, "26": {"execution_time": 1.235708236694336, "passed": false}, "27": {"execution_time": 1.5308458805084229, "passed": false}, "28": {"execution_time": 2.1212706565856934, "passed": false}, "29": {"execution_time": 0.4533064365386963, "passed": true}}}, "check_style_score": "0/1"}