{"version": "1", "message": "ERROR: Hidden Testcases server unreachable.", "problem_id": "ads2_m16_a1_1", "user_id": "pranay0124@msitprogram.net", "score": {"sample": {"0": {"execution_time": 0.6063992977142334, "passed": true}, "1": {"execution_time": 0.6910116672515869, "passed": false}, "2": {"execution_time": 1.1553640365600586, "passed": true}, "3": {"execution_time": 1.1337125301361084, "passed": true}, "4": {"execution_time": 1.4114916324615479, "passed": true}, "5": {"execution_time": 1.7459967136383057, "passed": false}, "6": {"execution_time": 1.2490389347076416, "passed": false}, "7": {"execution_time": 1.229377269744873, "passed": true}, "8": {"execution_time": 0.6453497409820557, "passed": false}, "9": {"execution_time": 1.1984920501708984, "passed": false}, "10": {"execution_time": 1.1883556842803955, "passed": false}, "11": {"execution_time": 9.401588201522827, "passed": false}, "12": {"execution_time": 1.2108526229858398, "passed": false}, "13": {"execution_time": 0.5228283405303955, "passed": true}, "14": {"execution_time": 1.2211997509002686, "passed": false}, "15": {"execution_time": 1.236940622329712, "passed": false}, "16": {"execution_time": 0.5987539291381836, "passed": true}, "17": {"execution_time": 0.6157166957855225, "passed": true}, "18": {"execution_time": 0.6278917789459229, "passed": false}, "19": {"execution_time": 0.6528570652008057, "passed": true}, "20": {"execution_time": 0.9653596878051758, "passed": false}, "21": {"execution_time": 0.7031035423278809, "passed": true}, "22": {"execution_time": 0.6485316753387451, "passed": true}, "23": {"execution_time": 0.6453649997711182, "passed": true}, "24": {"execution_time": 0.46160411834716797, "passed": true}, "25": {"execution_time": 1.5605669021606445, "passed": false}, "26": {"execution_time": 1.2820281982421875, "passed": false}, "27": {"execution_time": 1.6085083484649658, "passed": false}, "28": {"execution_time": 2.2651615142822266, "passed": false}, "29": {"execution_time": 0.44666576385498047, "passed": true}}}, "check_style_score": "0/1"}