{"version": "1", "message": "ERROR: Hidden Testcases server unreachable.", "problem_id": "ads2_m16_a1_1", "user_id": "pranay0124@msitprogram.net", "score": {"sample": {"0": {"execution_time": 0.19447755813598633, "passed": true}, "1": {"execution_time": 0.19988799095153809, "passed": true}, "2": {"execution_time": 0.43822383880615234, "passed": true}, "3": {"execution_time": 0.4438612461090088, "passed": true}, "4": {"execution_time": 0.4373798370361328, "passed": true}, "5": {"execution_time": 0.43637537956237793, "passed": true}, "6": {"execution_time": 0.42591118812561035, "passed": true}, "7": {"execution_time": 0.42846059799194336, "passed": true}, "8": {"execution_time": 0.22539877891540527, "passed": true}, "9": {"execution_time": 0.43986940383911133, "passed": true}, "10": {"execution_time": 0.42897510528564453, "passed": true}, "11": {"execution_time": 3.07033634185791, "passed": true}, "12": {"execution_time": 0.44585680961608887, "passed": true}, "13": {"execution_time": 0.18052196502685547, "passed": true}, "14": {"execution_time": 0.41988253593444824, "passed": true}, "15": {"execution_time": 0.4503819942474365, "passed": true}, "16": {"execution_time": 0.22439932823181152, "passed": true}, "17": {"execution_time": 0.2334456443786621, "passed": true}, "18": {"execution_time": 0.22236084938049316, "passed": true}, "19": {"execution_time": 0.2508730888366699, "passed": true}, "20": {"execution_time": 0.23885202407836914, "passed": true}, "21": {"execution_time": 0.22839069366455078, "passed": true}, "22": {"execution_time": 0.21845722198486328, "passed": true}, "23": {"execution_time": 0.24234914779663086, "passed": true}, "24": {"execution_time": 0.18060564994812012, "passed": true}, "25": {"execution_time": 0.5485327243804932, "passed": true}, "26": {"execution_time": 0.4483757019042969, "passed": true}, "27": {"execution_time": 0.5595378875732422, "passed": true}, "28": {"execution_time": 0.8018550872802734, "passed": true}, "29": {"execution_time": 0.17603492736816406, "passed": true}}}, "check_style_score": "0/1"}