{"version": "1", "message": "ERROR: Hidden Testcases server unreachable.", "problem_id": "ads2_m16_a1_1", "user_id": "pranay0124@msitprogram.net", "score": {"sample": {"0": {"execution_time": 0.6081299781799316, "passed": true}, "1": {"execution_time": 0.6055867671966553, "passed": true}, "2": {"execution_time": 1.1339690685272217, "passed": true}, "3": {"execution_time": 1.1360135078430176, "passed": true}, "4": {"execution_time": 1.078052282333374, "passed": true}, "5": {"execution_time": 1.6313858032226562, "passed": true}, "6": {"execution_time": 1.1961884498596191, "passed": true}, "7": {"execution_time": 1.0878052711486816, "passed": true}, "8": {"execution_time": 0.7162995338439941, "passed": true}, "9": {"execution_time": 1.1774933338165283, "passed": true}, "10": {"execution_time": 1.1851258277893066, "passed": true}, "11": {"execution_time": 5.8338751792907715, "passed": true}, "12": {"execution_time": 1.2262682914733887, "passed": true}, "13": {"execution_time": 0.6038949489593506, "passed": true}, "14": {"execution_time": 2.068455696105957, "passed": true}, "15": {"execution_time": 1.7736008167266846, "passed": true}, "16": {"execution_time": 0.663862943649292, "passed": true}, "17": {"execution_time": 0.6650066375732422, "passed": true}, "18": {"execution_time": 0.6751229763031006, "passed": true}, "19": {"execution_time": 0.6779096126556396, "passed": true}, "20": {"execution_time": 0.8271911144256592, "passed": true}, "21": {"execution_time": 0.6840226650238037, "passed": true}, "22": {"execution_time": 0.697990894317627, "passed": true}, "23": {"execution_time": 0.697537899017334, "passed": true}, "24": {"execution_time": 0.5570402145385742, "passed": true}, "25": {"execution_time": 1.3155930042266846, "passed": true}, "26": {"execution_time": 1.207510232925415, "passed": true}, "27": {"execution_time": 1.451451063156128, "passed": true}, "28": {"execution_time": 2.2106707096099854, "passed": true}, "29": {"execution_time": 0.5292749404907227, "passed": true}}}, "check_style_score": "0/1"}