{"version": "1", "message": "ERROR: Hidden Testcases server unreachable.", "problem_id": "ads2_m16_a1_1", "user_id": "pranay0124@msitprogram.net", "score": {"sample": {"0": {"execution_time": 1.5070209503173828, "passed": true}, "1": {"execution_time": 1.7134690284729004, "passed": false}, "2": {"execution_time": 1.7722876071929932, "passed": true}, "3": {"execution_time": 1.818171739578247, "passed": true}, "4": {"execution_time": 1.7941999435424805, "passed": true}, "5": {"execution_time": 2.093451499938965, "passed": false}, "6": {"execution_time": 1.8730266094207764, "passed": false}, "7": {"execution_time": 1.841127634048462, "passed": true}, "8": {"execution_time": 1.8690531253814697, "passed": false}, "9": {"execution_time": 0.42090559005737305, "passed": false}, "10": {"execution_time": 0.43383121490478516, "passed": false}, "11": {"execution_time": 2.079441785812378, "passed": false}, "12": {"execution_time": 2.193136692047119, "passed": false}, "13": {"execution_time": 1.3035633563995361, "passed": true}, "14": {"execution_time": 0.4209136962890625, "passed": false}, "15": {"execution_time": 10.035187244415283, "passed": false}, "16": {"execution_time": 1.4571142196655273, "passed": true}, "17": {"execution_time": 1.8291525840759277, "passed": true}, "18": {"execution_time": 1.9318864345550537, "passed": false}, "19": {"execution_time": 10.022256135940552, "passed": false}, "20": {"execution_time": 10.02724289894104, "passed": false}, "21": {"execution_time": 0.2204430103302002, "passed": true}, "22": {"execution_time": 0.21845245361328125, "passed": true}, "23": {"execution_time": 10.032236099243164, "passed": false}, "24": {"execution_time": 1.2357289791107178, "passed": true}, "25": {"execution_time": 10.035218954086304, "passed": false}, "26": {"execution_time": 10.033227920532227, "passed": false}, "27": {"execution_time": 10.035759449005127, "passed": false}, "28": {"execution_time": 2673.429765224457, "passed": false}, "29": {"execution_time": 0.22240567207336426, "passed": true}}}, "check_style_score": "0/1"}