{"version": "1", "message": "ERROR: Hidden Testcases server unreachable.", "problem_id": "ads2_m16_a1_1", "user_id": "pranay0124@msitprogram.net", "score": {"sample": {"0": {"execution_time": 0.6289246082305908, "passed": true}, "1": {"execution_time": 0.6181695461273193, "passed": true}, "2": {"execution_time": 1.167024850845337, "passed": true}, "3": {"execution_time": 1.1317214965820312, "passed": true}, "4": {"execution_time": 1.1018455028533936, "passed": true}, "5": {"execution_time": 1.188476324081421, "passed": true}, "6": {"execution_time": 1.2147142887115479, "passed": true}, "7": {"execution_time": 1.2229382991790771, "passed": true}, "8": {"execution_time": 0.759723424911499, "passed": true}, "9": {"execution_time": 1.1493840217590332, "passed": true}, "10": {"execution_time": 1.2121410369873047, "passed": true}, "11": {"execution_time": 6.091846466064453, "passed": true}, "12": {"execution_time": 1.2226107120513916, "passed": true}, "13": {"execution_time": 0.5707950592041016, "passed": true}, "14": {"execution_time": 1.155364751815796, "passed": true}, "15": {"execution_time": 1.3690147399902344, "passed": true}, "16": {"execution_time": 0.7815062999725342, "passed": true}, "17": {"execution_time": 0.7810220718383789, "passed": true}, "18": {"execution_time": 0.8128917217254639, "passed": true}, "19": {"execution_time": 0.7557289600372314, "passed": true}, "20": {"execution_time": 0.7942502498626709, "passed": true}, "21": {"execution_time": 0.6609828472137451, "passed": true}, "22": {"execution_time": 0.6588835716247559, "passed": true}, "23": {"execution_time": 0.6991581916809082, "passed": true}, "24": {"execution_time": 0.5303487777709961, "passed": true}, "25": {"execution_time": 1.4949371814727783, "passed": true}, "26": {"execution_time": 1.175572395324707, "passed": true}, "27": {"execution_time": 1.5074217319488525, "passed": true}, "28": {"execution_time": 1.8356425762176514, "passed": true}, "29": {"execution_time": 0.5298402309417725, "passed": true}}}, "check_style_score": "1/1"}