{"version": "1", "message": "ERROR: Hidden Testcases server unreachable.", "problem_id": "ads2_m16_a1_1", "user_id": "pranay0124@msitprogram.net", "score": {"sample": {"0": {"execution_time": 0.5166037082672119, "passed": true}, "1": {"execution_time": 0.8318288326263428, "passed": true}, "2": {"execution_time": 1.6803996562957764, "passed": true}, "3": {"execution_time": 0.9918034076690674, "passed": true}, "4": {"execution_time": 1.0580112934112549, "passed": true}, "5": {"execution_time": 1.0761735439300537, "passed": true}, "6": {"execution_time": 1.0796794891357422, "passed": true}, "7": {"execution_time": 1.0432119369506836, "passed": true}, "8": {"execution_time": 0.6153590679168701, "passed": true}, "9": {"execution_time": 1.0193119049072266, "passed": true}, "10": {"execution_time": 1.0392577648162842, "passed": true}, "11": {"execution_time": 5.609047174453735, "passed": true}, "12": {"execution_time": 1.0960056781768799, "passed": true}, "13": {"execution_time": 0.4766421318054199, "passed": true}, "14": {"execution_time": 0.995232105255127, "passed": true}, "15": {"execution_time": 1.0891354084014893, "passed": true}, "16": {"execution_time": 0.6145334243774414, "passed": true}, "17": {"execution_time": 0.6264457702636719, "passed": true}, "18": {"execution_time": 0.6063389778137207, "passed": true}, "19": {"execution_time": 0.6600944995880127, "passed": true}, "20": {"execution_time": 0.7052185535430908, "passed": true}, "21": {"execution_time": 0.5835659503936768, "passed": true}, "22": {"execution_time": 0.6133232116699219, "passed": true}, "23": {"execution_time": 0.5972998142242432, "passed": true}, "24": {"execution_time": 0.4577181339263916, "passed": true}, "25": {"execution_time": 1.2855250835418701, "passed": true}, "26": {"execution_time": 1.1010565757751465, "passed": true}, "27": {"execution_time": 1.3164758682250977, "passed": true}, "28": {"execution_time": 1.7114264965057373, "passed": true}, "29": {"execution_time": 0.4489145278930664, "passed": true}}}, "check_style_score": "0/1"}