{"version": "1", "message": "ERROR: Hidden Testcases server unreachable.", "problem_id": "ads2_m16_a1_1", "user_id": "pranay0124@msitprogram.net", "score": {"sample": {"0": {"execution_time": 0.6040136814117432, "passed": false}, "1": {"execution_time": 0.5480797290802002, "passed": false}, "2": {"execution_time": 1.1286029815673828, "passed": false}, "3": {"execution_time": 1.1314830780029297, "passed": false}, "4": {"execution_time": 1.0680046081542969, "passed": false}, "5": {"execution_time": 1.0156917572021484, "passed": false}, "6": {"execution_time": 1.1454145908355713, "passed": false}, "7": {"execution_time": 1.1153221130371094, "passed": false}, "8": {"execution_time": 0.6364469528198242, "passed": false}, "9": {"execution_time": 1.1527938842773438, "passed": false}, "10": {"execution_time": 1.1468124389648438, "passed": false}, "11": {"execution_time": 0.5647633075714111, "passed": false}, "12": {"execution_time": 1.1825361251831055, "passed": false}, "13": {"execution_time": 0.5192511081695557, "passed": true}, "14": {"execution_time": 1.2321889400482178, "passed": false}, "15": {"execution_time": 1.1959388256072998, "passed": false}, "16": {"execution_time": 0.6030166149139404, "passed": false}, "17": {"execution_time": 0.6228413581848145, "passed": false}, "18": {"execution_time": 0.6338660717010498, "passed": false}, "19": {"execution_time": 0.6263599395751953, "passed": false}, "20": {"execution_time": 0.6586205959320068, "passed": false}, "21": {"execution_time": 0.652559757232666, "passed": false}, "22": {"execution_time": 0.7021384239196777, "passed": false}, "23": {"execution_time": 0.6674227714538574, "passed": false}, "24": {"execution_time": 0.5307285785675049, "passed": true}, "25": {"execution_time": 1.0897674560546875, "passed": false}, "26": {"execution_time": 0.9864902496337891, "passed": false}, "27": {"execution_time": 1.1083035469055176, "passed": false}, "28": {"execution_time": 1.5406618118286133, "passed": false}, "29": {"execution_time": 0.47668910026550293, "passed": false}}}, "check_style_score": "1/1"}