{"version": "1", "message": "ERROR: Hidden Testcases server unreachable.", "problem_id": "ads2_m16_a1_1", "user_id": "pranay0124@msitprogram.net", "score": {"sample": {"0": {"execution_time": 0.23116660118103027, "passed": true}, "1": {"execution_time": 0.20165753364562988, "passed": true}, "2": {"execution_time": 0.48868489265441895, "passed": true}, "3": {"execution_time": 0.44082212448120117, "passed": true}, "4": {"execution_time": 0.4359300136566162, "passed": true}, "5": {"execution_time": 0.43483901023864746, "passed": true}, "6": {"execution_time": 0.46417975425720215, "passed": true}, "7": {"execution_time": 0.43852925300598145, "passed": true}, "8": {"execution_time": 0.23935937881469727, "passed": true}, "9": {"execution_time": 0.4368748664855957, "passed": true}, "10": {"execution_time": 0.4542717933654785, "passed": true}, "11": {"execution_time": 3.216062068939209, "passed": true}, "12": {"execution_time": 0.4568774700164795, "passed": true}, "13": {"execution_time": 0.19652676582336426, "passed": true}, "14": {"execution_time": 0.4351072311401367, "passed": true}, "15": {"execution_time": 0.43392491340637207, "passed": true}, "16": {"execution_time": 0.23540401458740234, "passed": true}, "17": {"execution_time": 0.23640894889831543, "passed": true}, "18": {"execution_time": 0.22436738014221191, "passed": true}, "19": {"execution_time": 0.23935198783874512, "passed": true}, "20": {"execution_time": 0.2433469295501709, "passed": true}, "21": {"execution_time": 0.2373366355895996, "passed": true}, "22": {"execution_time": 0.2243969440460205, "passed": true}, "23": {"execution_time": 0.22716236114501953, "passed": true}, "24": {"execution_time": 0.1770334243774414, "passed": true}, "25": {"execution_time": 0.5759658813476562, "passed": true}, "26": {"execution_time": 0.463759183883667, "passed": true}, "27": {"execution_time": 0.5479104518890381, "passed": true}, "28": {"execution_time": 0.8506166934967041, "passed": true}, "29": {"execution_time": 0.19548559188842773, "passed": true}}}, "check_style_score": "0/1"}