{"version": "1", "message": "ERROR: Hidden Testcases server unreachable.", "problem_id": "ads2_m16_a1_1", "user_id": "pranay0124@msitprogram.net", "score": {"sample": {"0": {"execution_time": 0.19750380516052246, "passed": true}, "1": {"execution_time": 0.1944901943206787, "passed": true}, "2": {"execution_time": 0.4398219585418701, "passed": true}, "3": {"execution_time": 0.4318106174468994, "passed": true}, "4": {"execution_time": 0.44879913330078125, "passed": true}, "5": {"execution_time": 0.4557814598083496, "passed": true}, "6": {"execution_time": 0.4398632049560547, "passed": true}, "7": {"execution_time": 0.4528203010559082, "passed": true}, "8": {"execution_time": 0.23138046264648438, "passed": true}, "9": {"execution_time": 0.4228677749633789, "passed": true}, "10": {"execution_time": 0.4538230895996094, "passed": true}, "11": {"execution_time": 3.083756685256958, "passed": true}, "12": {"execution_time": 0.44580960273742676, "passed": true}, "13": {"execution_time": 0.17856454849243164, "passed": true}, "14": {"execution_time": 0.4198763370513916, "passed": true}, "15": {"execution_time": 0.4497873783111572, "passed": true}, "16": {"execution_time": 0.2204129695892334, "passed": true}, "17": {"execution_time": 0.22240638732910156, "passed": true}, "18": {"execution_time": 0.2233600616455078, "passed": true}, "19": {"execution_time": 0.232377290725708, "passed": true}, "20": {"execution_time": 0.2563135623931885, "passed": true}, "21": {"execution_time": 0.22040104866027832, "passed": true}, "22": {"execution_time": 0.23041820526123047, "passed": true}, "23": {"execution_time": 0.23038458824157715, "passed": true}, "24": {"execution_time": 0.18650341033935547, "passed": true}, "25": {"execution_time": 0.5515224933624268, "passed": true}, "26": {"execution_time": 0.4468042850494385, "passed": true}, "27": {"execution_time": 0.5624964237213135, "passed": true}, "28": {"execution_time": 0.7969019412994385, "passed": true}, "29": {"execution_time": 0.18051838874816895, "passed": true}}}, "check_style_score": "0/1"}