{"version": "1", "message": "ERROR: Hidden Testcases server unreachable.", "problem_id": "ads2_m16_a1_1", "user_id": "pranay0124@msitprogram.net", "score": {"sample": {"0": {"execution_time": 0.19049286842346191, "passed": true}, "1": {"execution_time": 0.20349740982055664, "passed": true}, "2": {"execution_time": 0.4578087329864502, "passed": true}, "3": {"execution_time": 0.4217805862426758, "passed": true}, "4": {"execution_time": 0.4413783550262451, "passed": true}, "5": {"execution_time": 0.43783020973205566, "passed": true}, "6": {"execution_time": 0.45603108406066895, "passed": true}, "7": {"execution_time": 0.43544769287109375, "passed": true}, "8": {"execution_time": 0.24434542655944824, "passed": true}, "9": {"execution_time": 0.43766188621520996, "passed": true}, "10": {"execution_time": 0.4192221164703369, "passed": true}, "11": {"execution_time": 3.119891881942749, "passed": true}, "12": {"execution_time": 0.45183801651000977, "passed": true}, "13": {"execution_time": 0.18754267692565918, "passed": true}, "14": {"execution_time": 0.4508509635925293, "passed": true}, "15": {"execution_time": 0.4593191146850586, "passed": true}, "16": {"execution_time": 0.22943758964538574, "passed": true}, "17": {"execution_time": 0.20250797271728516, "passed": true}, "18": {"execution_time": 0.24381327629089355, "passed": true}, "19": {"execution_time": 0.23201870918273926, "passed": true}, "20": {"execution_time": 0.26880979537963867, "passed": true}, "21": {"execution_time": 0.21647882461547852, "passed": true}, "22": {"execution_time": 0.2323300838470459, "passed": true}, "23": {"execution_time": 0.22400903701782227, "passed": true}, "24": {"execution_time": 0.1995086669921875, "passed": true}, "25": {"execution_time": 0.5525164604187012, "passed": true}, "26": {"execution_time": 0.4548163414001465, "passed": true}, "27": {"execution_time": 0.5546376705169678, "passed": true}, "28": {"execution_time": 0.814995288848877, "passed": true}, "29": {"execution_time": 0.16461181640625, "passed": true}}}, "check_style_score": "0/1"}