{"version": "1", "message": "ERROR: Hidden Testcases server unreachable.", "problem_id": "ads2_m16_a1_1", "user_id": "pranay0124@msitprogram.net", "score": {"sample": {"0": {"execution_time": 0.6074283123016357, "passed": true}, "1": {"execution_time": 0.6133081912994385, "passed": true}, "2": {"execution_time": 1.12827730178833, "passed": true}, "3": {"execution_time": 1.1008038520812988, "passed": true}, "4": {"execution_time": 1.1437227725982666, "passed": true}, "5": {"execution_time": 1.3110904693603516, "passed": true}, "6": {"execution_time": 1.1107654571533203, "passed": true}, "7": {"execution_time": 1.161813497543335, "passed": true}, "8": {"execution_time": 0.705047607421875, "passed": true}, "9": {"execution_time": 1.114912509918213, "passed": true}, "10": {"execution_time": 1.0893023014068604, "passed": true}, "11": {"execution_time": 5.915908098220825, "passed": true}, "12": {"execution_time": 1.1171507835388184, "passed": true}, "13": {"execution_time": 0.5554649829864502, "passed": true}, "14": {"execution_time": 1.1588671207427979, "passed": true}, "15": {"execution_time": 1.2335801124572754, "passed": true}, "16": {"execution_time": 0.6540734767913818, "passed": true}, "17": {"execution_time": 0.6535887718200684, "passed": true}, "18": {"execution_time": 0.6600451469421387, "passed": true}, "19": {"execution_time": 0.7097938060760498, "passed": true}, "20": {"execution_time": 0.7604918479919434, "passed": true}, "21": {"execution_time": 0.6545751094818115, "passed": true}, "22": {"execution_time": 0.6861052513122559, "passed": true}, "23": {"execution_time": 0.6579527854919434, "passed": true}, "24": {"execution_time": 0.527005672454834, "passed": true}, "25": {"execution_time": 1.376905918121338, "passed": true}, "26": {"execution_time": 1.1845614910125732, "passed": true}, "27": {"execution_time": 1.6539344787597656, "passed": true}, "28": {"execution_time": 1.939206600189209, "passed": true}, "29": {"execution_time": 0.6016144752502441, "passed": true}}}, "check_style_score": "1/1"}