{"version": "1", "message": "ERROR: Hidden Testcases server unreachable.", "problem_id": "ads2_m16_a1_1", "user_id": "pranay0124@msitprogram.net", "score": {"sample": {"0": {"execution_time": 0.18550562858581543, "passed": true}, "1": {"execution_time": 0.21352386474609375, "passed": true}, "2": {"execution_time": 0.4448099136352539, "passed": true}, "3": {"execution_time": 0.4284324645996094, "passed": true}, "4": {"execution_time": 0.43089914321899414, "passed": true}, "5": {"execution_time": 0.4328436851501465, "passed": true}, "6": {"execution_time": 0.4629075527191162, "passed": true}, "7": {"execution_time": 0.4374082088470459, "passed": true}, "8": {"execution_time": 0.2323894500732422, "passed": true}, "9": {"execution_time": 0.423828125, "passed": true}, "10": {"execution_time": 0.43838953971862793, "passed": true}, "11": {"execution_time": 3.1081533432006836, "passed": true}, "12": {"execution_time": 0.4438145160675049, "passed": true}, "13": {"execution_time": 0.17734670639038086, "passed": true}, "14": {"execution_time": 0.42545580863952637, "passed": true}, "15": {"execution_time": 0.44082117080688477, "passed": true}, "16": {"execution_time": 0.22345995903015137, "passed": true}, "17": {"execution_time": 0.22046375274658203, "passed": true}, "18": {"execution_time": 0.3306128978729248, "passed": true}, "19": {"execution_time": 0.23836994171142578, "passed": true}, "20": {"execution_time": 0.25033092498779297, "passed": true}, "21": {"execution_time": 0.2263939380645752, "passed": true}, "22": {"execution_time": 0.23537015914916992, "passed": true}, "23": {"execution_time": 0.23944425582885742, "passed": true}, "24": {"execution_time": 0.1676011085510254, "passed": true}, "25": {"execution_time": 0.5485384464263916, "passed": true}, "26": {"execution_time": 0.4451148509979248, "passed": true}, "27": {"execution_time": 0.5475032329559326, "passed": true}, "28": {"execution_time": 0.8288981914520264, "passed": true}, "29": {"execution_time": 0.19755792617797852, "passed": true}}}, "check_style_score": "0/1"}