{"version": "1", "message": "ERROR: Hidden Testcases server unreachable.", "problem_id": "ads2_m16_a1_1", "user_id": "pranay0124@msitprogram.net", "score": {"sample": {"0": {"execution_time": 1.8823893070220947, "passed": true}, "1": {"execution_time": 1.653527021408081, "passed": false}, "2": {"execution_time": 1.9190189838409424, "passed": true}, "3": {"execution_time": 1.7817912101745605, "passed": true}, "4": {"execution_time": 1.8335821628570557, "passed": true}, "5": {"execution_time": 2.1040430068969727, "passed": false}, "6": {"execution_time": 1.8980863094329834, "passed": false}, "7": {"execution_time": 1.8464257717132568, "passed": true}, "8": {"execution_time": 1.7475228309631348, "passed": false}, "9": {"execution_time": 0.4188845157623291, "passed": false}, "10": {"execution_time": 0.44536805152893066, "passed": false}, "11": {"execution_time": 1.461942434310913, "passed": false}, "12": {"execution_time": 2.0563738346099854, "passed": false}, "13": {"execution_time": 1.3147192001342773, "passed": true}, "14": {"execution_time": 0.44177699089050293, "passed": false}, "15": {"execution_time": 10.035766363143921, "passed": false}, "16": {"execution_time": 1.4424216747283936, "passed": true}, "17": {"execution_time": 1.9565622806549072, "passed": true}, "18": {"execution_time": 1.939274549484253, "passed": false}, "19": {"execution_time": 10.024301052093506, "passed": false}, "20": {"execution_time": 10.02703595161438, "passed": false}, "21": {"execution_time": 0.22536349296569824, "passed": true}, "22": {"execution_time": 0.21641325950622559, "passed": true}, "23": {"execution_time": 10.036534547805786, "passed": false}, "24": {"execution_time": 1.2552711963653564, "passed": true}, "25": {"execution_time": 10.038353681564331, "passed": false}, "26": {"execution_time": 10.033861637115479, "passed": false}, "27": {"execution_time": 10.031332969665527, "passed": false}, "28": {"execution_time": 10.038830041885376, "passed": false}, "29": {"execution_time": 0.19850444793701172, "passed": true}}}, "check_style_score": "1/1"}