{"version": "1", "message": "ERROR: Hidden Testcases server unreachable.", "problem_id": "ads2_m16_a1_1", "user_id": "pranay0124@msitprogram.net", "score": {"sample": {"0": {"execution_time": 0.551112174987793, "passed": true}, "1": {"execution_time": 0.5880117416381836, "passed": false}, "2": {"execution_time": 0.9817891120910645, "passed": true}, "3": {"execution_time": 1.140272855758667, "passed": true}, "4": {"execution_time": 1.178093671798706, "passed": true}, "5": {"execution_time": 1.167386531829834, "passed": false}, "6": {"execution_time": 1.060373306274414, "passed": false}, "7": {"execution_time": 1.1627309322357178, "passed": true}, "8": {"execution_time": 0.6550195217132568, "passed": false}, "9": {"execution_time": 1.1100218296051025, "passed": false}, "10": {"execution_time": 1.1360478401184082, "passed": false}, "11": {"execution_time": 5.74463152885437, "passed": false}, "12": {"execution_time": 1.0642669200897217, "passed": false}, "13": {"execution_time": 0.5109124183654785, "passed": true}, "14": {"execution_time": 1.0624072551727295, "passed": false}, "15": {"execution_time": 1.0996427536010742, "passed": false}, "16": {"execution_time": 0.6697225570678711, "passed": true}, "17": {"execution_time": 0.611271858215332, "passed": true}, "18": {"execution_time": 0.6085448265075684, "passed": false}, "19": {"execution_time": 0.6688132286071777, "passed": true}, "20": {"execution_time": 0.683086633682251, "passed": false}, "21": {"execution_time": 0.6464359760284424, "passed": true}, "22": {"execution_time": 0.6476237773895264, "passed": true}, "23": {"execution_time": 0.5709350109100342, "passed": true}, "24": {"execution_time": 0.47321224212646484, "passed": true}, "25": {"execution_time": 1.3254287242889404, "passed": false}, "26": {"execution_time": 1.140146255493164, "passed": false}, "27": {"execution_time": 1.324293613433838, "passed": false}, "28": {"execution_time": 1.7865843772888184, "passed": false}, "29": {"execution_time": 0.5128209590911865, "passed": true}}}, "check_style_score": "0/1"}