{"version": "1", "message": "ERROR: Hidden Testcases server unreachable.", "problem_id": "ads2_m16_a1_1", "user_id": "pranay0124@msitprogram.net", "score": {"sample": {"0": {"execution_time": 0.6306004524230957, "passed": true}, "1": {"execution_time": 0.6149623394012451, "passed": true}, "2": {"execution_time": 1.3701415061950684, "passed": true}, "3": {"execution_time": 1.188112735748291, "passed": true}, "4": {"execution_time": 1.212430715560913, "passed": true}, "5": {"execution_time": 1.1559290885925293, "passed": true}, "6": {"execution_time": 1.139176607131958, "passed": true}, "7": {"execution_time": 1.1827733516693115, "passed": true}, "8": {"execution_time": 0.7163772583007812, "passed": true}, "9": {"execution_time": 1.2030675411224365, "passed": true}, "10": {"execution_time": 1.1859498023986816, "passed": true}, "11": {"execution_time": 6.351155757904053, "passed": true}, "12": {"execution_time": 1.15511155128479, "passed": true}, "13": {"execution_time": 0.5789868831634521, "passed": true}, "14": {"execution_time": 1.0895256996154785, "passed": true}, "15": {"execution_time": 1.1408584117889404, "passed": true}, "16": {"execution_time": 0.6949992179870605, "passed": true}, "17": {"execution_time": 0.6578781604766846, "passed": true}, "18": {"execution_time": 0.6625103950500488, "passed": true}, "19": {"execution_time": 0.7027831077575684, "passed": true}, "20": {"execution_time": 0.7797138690948486, "passed": true}, "21": {"execution_time": 0.6372816562652588, "passed": true}, "22": {"execution_time": 0.6620509624481201, "passed": true}, "23": {"execution_time": 0.6946814060211182, "passed": true}, "24": {"execution_time": 0.6170470714569092, "passed": true}, "25": {"execution_time": 1.4521534442901611, "passed": true}, "26": {"execution_time": 1.207007884979248, "passed": true}, "27": {"execution_time": 1.3959105014801025, "passed": true}, "28": {"execution_time": 1.7754833698272705, "passed": true}, "29": {"execution_time": 0.5252466201782227, "passed": true}}}, "check_style_score": "0/1"}