{"version": "1", "message": "ERROR: Hidden Testcases server unreachable.", "problem_id": "ads2_m16_a1_1", "user_id": "pranay0124@msitprogram.net", "score": {"sample": {"0": {"execution_time": 0.6336569786071777, "passed": true}, "1": {"execution_time": 0.6007943153381348, "passed": true}, "2": {"execution_time": 1.1941747665405273, "passed": true}, "3": {"execution_time": 1.1301205158233643, "passed": true}, "4": {"execution_time": 1.2091639041900635, "passed": true}, "5": {"execution_time": 1.206674575805664, "passed": true}, "6": {"execution_time": 1.1222524642944336, "passed": true}, "7": {"execution_time": 1.1321258544921875, "passed": true}, "8": {"execution_time": 0.7161664962768555, "passed": true}, "9": {"execution_time": 1.1260101795196533, "passed": true}, "10": {"execution_time": 1.1353759765625, "passed": true}, "11": {"execution_time": 5.652234077453613, "passed": true}, "12": {"execution_time": 1.1904256343841553, "passed": true}, "13": {"execution_time": 0.565619707107544, "passed": true}, "14": {"execution_time": 1.0401406288146973, "passed": true}, "15": {"execution_time": 1.108982801437378, "passed": true}, "16": {"execution_time": 0.6893680095672607, "passed": true}, "17": {"execution_time": 0.6656739711761475, "passed": true}, "18": {"execution_time": 0.6583335399627686, "passed": true}, "19": {"execution_time": 0.7049880027770996, "passed": true}, "20": {"execution_time": 0.7788622379302979, "passed": true}, "21": {"execution_time": 0.6305980682373047, "passed": true}, "22": {"execution_time": 0.6707072257995605, "passed": true}, "23": {"execution_time": 0.6688785552978516, "passed": true}, "24": {"execution_time": 0.4954493045806885, "passed": true}, "25": {"execution_time": 1.416696548461914, "passed": true}, "26": {"execution_time": 1.175225019454956, "passed": true}, "27": {"execution_time": 1.3216781616210938, "passed": true}, "28": {"execution_time": 1.8721652030944824, "passed": true}, "29": {"execution_time": 0.590566873550415, "passed": true}}}, "check_style_score": "0/1"}