{"version": "1", "message": "ERROR: Hidden Testcases server unreachable.", "problem_id": "ads2_m16_a1_1", "user_id": "pranay0124@msitprogram.net", "score": {"sample": {"0": {"execution_time": 0.5704240798950195, "passed": true}, "1": {"execution_time": 0.5866885185241699, "passed": false}, "2": {"execution_time": 1.060762882232666, "passed": true}, "3": {"execution_time": 1.0479326248168945, "passed": true}, "4": {"execution_time": 1.0835888385772705, "passed": true}, "5": {"execution_time": 1.0421192646026611, "passed": false}, "6": {"execution_time": 1.1307990550994873, "passed": false}, "7": {"execution_time": 1.1151213645935059, "passed": true}, "8": {"execution_time": 0.7297854423522949, "passed": false}, "9": {"execution_time": 1.1223881244659424, "passed": false}, "10": {"execution_time": 1.0431561470031738, "passed": false}, "11": {"execution_time": 5.870917320251465, "passed": false}, "12": {"execution_time": 1.1469674110412598, "passed": false}, "13": {"execution_time": 0.5117356777191162, "passed": true}, "14": {"execution_time": 1.0811855792999268, "passed": false}, "15": {"execution_time": 1.1049110889434814, "passed": false}, "16": {"execution_time": 0.6574361324310303, "passed": true}, "17": {"execution_time": 0.6169161796569824, "passed": true}, "18": {"execution_time": 0.6032512187957764, "passed": false}, "19": {"execution_time": 0.6555066108703613, "passed": true}, "20": {"execution_time": 0.7304449081420898, "passed": false}, "21": {"execution_time": 0.6281545162200928, "passed": true}, "22": {"execution_time": 0.6150987148284912, "passed": true}, "23": {"execution_time": 0.6561217308044434, "passed": true}, "24": {"execution_time": 0.48840928077697754, "passed": true}, "25": {"execution_time": 1.2779209613800049, "passed": false}, "26": {"execution_time": 1.1579062938690186, "passed": false}, "27": {"execution_time": 1.316648244857788, "passed": false}, "28": {"execution_time": 1.8495664596557617, "passed": false}, "29": {"execution_time": 0.47543859481811523, "passed": true}}}, "check_style_score": "0/1"}