{"version": "1", "message": "ERROR: Hidden Testcases server unreachable.", "problem_id": "ads2_m16_a1_1", "user_id": "pranay0124@msitprogram.net", "score": {"sample": {"0": {"execution_time": 0.5723552703857422, "passed": true}, "1": {"execution_time": 0.529571533203125, "passed": true}, "2": {"execution_time": 1.1158854961395264, "passed": true}, "3": {"execution_time": 1.0927674770355225, "passed": true}, "4": {"execution_time": 0.9861960411071777, "passed": true}, "5": {"execution_time": 1.0033836364746094, "passed": true}, "6": {"execution_time": 1.1389093399047852, "passed": true}, "7": {"execution_time": 1.0212697982788086, "passed": true}, "8": {"execution_time": 0.6113252639770508, "passed": true}, "9": {"execution_time": 1.0451695919036865, "passed": true}, "10": {"execution_time": 1.0510280132293701, "passed": true}, "11": {"execution_time": 5.537353515625, "passed": true}, "12": {"execution_time": 1.0857031345367432, "passed": true}, "13": {"execution_time": 0.5084726810455322, "passed": true}, "14": {"execution_time": 1.023226261138916, "passed": true}, "15": {"execution_time": 1.0761489868164062, "passed": true}, "16": {"execution_time": 0.583423376083374, "passed": true}, "17": {"execution_time": 0.5714707374572754, "passed": true}, "18": {"execution_time": 0.7070903778076172, "passed": true}, "19": {"execution_time": 0.6381802558898926, "passed": true}, "20": {"execution_time": 0.7190773487091064, "passed": true}, "21": {"execution_time": 0.5903863906860352, "passed": true}, "22": {"execution_time": 0.5881519317626953, "passed": true}, "23": {"execution_time": 0.6084146499633789, "passed": true}, "24": {"execution_time": 0.4298722743988037, "passed": true}, "25": {"execution_time": 1.3125636577606201, "passed": true}, "26": {"execution_time": 1.0971755981445312, "passed": true}, "27": {"execution_time": 1.3774333000183105, "passed": true}, "28": {"execution_time": 1.7245128154754639, "passed": true}, "29": {"execution_time": 0.45574188232421875, "passed": true}}}, "check_style_score": "0/1"}