{"version": "1", "message": "ERROR: Hidden Testcases server unreachable.", "problem_id": "ads2_m16_a1_1", "user_id": "pranay0124@msitprogram.net", "score": {"sample": {"0": {"execution_time": 0.7748823165893555, "passed": true}, "1": {"execution_time": 0.549574613571167, "passed": false}, "2": {"execution_time": 1.1469764709472656, "passed": true}, "3": {"execution_time": 1.0362694263458252, "passed": true}, "4": {"execution_time": 1.203916072845459, "passed": true}, "5": {"execution_time": 1.0453195571899414, "passed": true}, "6": {"execution_time": 1.0821022987365723, "passed": true}, "7": {"execution_time": 1.0771210193634033, "passed": true}, "8": {"execution_time": 0.7450411319732666, "passed": false}, "9": {"execution_time": 1.133943796157837, "passed": true}, "10": {"execution_time": 0.9590978622436523, "passed": true}, "11": {"execution_time": 0.4626586437225342, "passed": false}, "12": {"execution_time": 1.06715989112854, "passed": false}, "13": {"execution_time": 0.4815084934234619, "passed": true}, "14": {"execution_time": 1.05129075050354, "passed": true}, "15": {"execution_time": 0.9914777278900146, "passed": true}, "16": {"execution_time": 0.5974442958831787, "passed": true}, "17": {"execution_time": 0.9187045097351074, "passed": true}, "18": {"execution_time": 0.8537881374359131, "passed": true}, "19": {"execution_time": 0.5874333381652832, "passed": true}, "20": {"execution_time": 0.6424164772033691, "passed": true}, "21": {"execution_time": 0.5945510864257812, "passed": true}, "22": {"execution_time": 0.5595180988311768, "passed": true}, "23": {"execution_time": 0.6093721389770508, "passed": true}, "24": {"execution_time": 0.5116269588470459, "passed": true}, "25": {"execution_time": 1.6097846031188965, "passed": true}, "26": {"execution_time": 2.149292469024658, "passed": true}, "27": {"execution_time": 1.720766305923462, "passed": true}, "28": {"execution_time": 1.9945907592773438, "passed": true}, "29": {"execution_time": 0.5146656036376953, "passed": true}}}, "check_style_score": "0/1"}