{"version": "1", "message": "ERROR: Hidden Testcases server unreachable.", "problem_id": "ads2_m16_a1_1", "user_id": "pranay0124@msitprogram.net", "score": {"sample": {"0": {"execution_time": 0.2054586410522461, "passed": true}, "1": {"execution_time": 0.1977066993713379, "passed": true}, "2": {"execution_time": 0.4538280963897705, "passed": true}, "3": {"execution_time": 0.42981505393981934, "passed": true}, "4": {"execution_time": 0.4254570007324219, "passed": true}, "5": {"execution_time": 0.43986940383911133, "passed": true}, "6": {"execution_time": 0.45487475395202637, "passed": true}, "7": {"execution_time": 0.4373934268951416, "passed": true}, "8": {"execution_time": 0.23337769508361816, "passed": true}, "9": {"execution_time": 0.4378340244293213, "passed": true}, "10": {"execution_time": 0.44233107566833496, "passed": true}, "11": {"execution_time": 3.10150408744812, "passed": true}, "12": {"execution_time": 0.4461658000946045, "passed": true}, "13": {"execution_time": 0.1905210018157959, "passed": true}, "14": {"execution_time": 0.42006540298461914, "passed": true}, "15": {"execution_time": 0.43686389923095703, "passed": true}, "16": {"execution_time": 0.23949503898620605, "passed": true}, "17": {"execution_time": 0.23636555671691895, "passed": true}, "18": {"execution_time": 0.22197246551513672, "passed": true}, "19": {"execution_time": 0.25037097930908203, "passed": true}, "20": {"execution_time": 0.27330827713012695, "passed": true}, "21": {"execution_time": 0.23639965057373047, "passed": true}, "22": {"execution_time": 0.22427654266357422, "passed": true}, "23": {"execution_time": 0.2263939380645752, "passed": true}, "24": {"execution_time": 0.19188690185546875, "passed": true}, "25": {"execution_time": 0.5570447444915771, "passed": true}, "26": {"execution_time": 0.461930513381958, "passed": true}, "27": {"execution_time": 0.5640208721160889, "passed": true}, "28": {"execution_time": 0.8022115230560303, "passed": true}, "29": {"execution_time": 0.18054914474487305, "passed": true}}}, "check_style_score": "0/1"}