{"version": "1", "message": "ERROR: Hidden Testcases server unreachable.", "problem_id": "ads2_m16_a1_1", "user_id": "pranay0124@msitprogram.net", "score": {"sample": {"0": {"execution_time": 0.5887691974639893, "passed": false}, "1": {"execution_time": 0.5299632549285889, "passed": false}, "2": {"execution_time": 1.1073029041290283, "passed": false}, "3": {"execution_time": 1.1201286315917969, "passed": false}, "4": {"execution_time": 1.0627875328063965, "passed": false}, "5": {"execution_time": 1.0787274837493896, "passed": false}, "6": {"execution_time": 1.511415719985962, "passed": false}, "7": {"execution_time": 1.1231980323791504, "passed": false}, "8": {"execution_time": 0.6634156703948975, "passed": false}, "9": {"execution_time": 1.1365528106689453, "passed": false}, "10": {"execution_time": 1.1184751987457275, "passed": false}, "11": {"execution_time": 0.49439120292663574, "passed": false}, "12": {"execution_time": 1.085620641708374, "passed": false}, "13": {"execution_time": 0.5344369411468506, "passed": true}, "14": {"execution_time": 1.012477159500122, "passed": false}, "15": {"execution_time": 1.1105728149414062, "passed": false}, "16": {"execution_time": 0.6140179634094238, "passed": false}, "17": {"execution_time": 0.6243853569030762, "passed": true}, "18": {"execution_time": 0.6000165939331055, "passed": false}, "19": {"execution_time": 0.661956787109375, "passed": false}, "20": {"execution_time": 0.6260342597961426, "passed": false}, "21": {"execution_time": 0.6027123928070068, "passed": false}, "22": {"execution_time": 0.627854585647583, "passed": false}, "23": {"execution_time": 0.65435791015625, "passed": false}, "24": {"execution_time": 0.5153243541717529, "passed": true}, "25": {"execution_time": 1.0589792728424072, "passed": false}, "26": {"execution_time": 0.89961838722229, "passed": false}, "27": {"execution_time": 1.2045295238494873, "passed": false}, "28": {"execution_time": 1.5041704177856445, "passed": false}, "29": {"execution_time": 0.5549435615539551, "passed": false}}}, "check_style_score": "1/1"}