{"version": "1", "message": "ERROR: Hidden Testcases server unreachable.", "problem_id": "ads2_m16_a1_1", "user_id": "pranay0124@msitprogram.net", "score": {"sample": {"0": {"execution_time": 0.18550395965576172, "passed": true}, "1": {"execution_time": 0.1980893611907959, "passed": true}, "2": {"execution_time": 0.4518411159515381, "passed": true}, "3": {"execution_time": 0.4316399097442627, "passed": true}, "4": {"execution_time": 0.444319486618042, "passed": true}, "5": {"execution_time": 0.4497966766357422, "passed": true}, "6": {"execution_time": 0.4552614688873291, "passed": true}, "7": {"execution_time": 0.43488073348999023, "passed": true}, "8": {"execution_time": 0.22950387001037598, "passed": true}, "9": {"execution_time": 0.445281982421875, "passed": true}, "10": {"execution_time": 0.43439316749572754, "passed": true}, "11": {"execution_time": 3.186814785003662, "passed": true}, "12": {"execution_time": 0.43782877922058105, "passed": true}, "13": {"execution_time": 0.1772935390472412, "passed": true}, "14": {"execution_time": 0.4478015899658203, "passed": true}, "15": {"execution_time": 0.43612074851989746, "passed": true}, "16": {"execution_time": 0.23386883735656738, "passed": true}, "17": {"execution_time": 0.22084283828735352, "passed": true}, "18": {"execution_time": 0.21880459785461426, "passed": true}, "19": {"execution_time": 0.24140548706054688, "passed": true}, "20": {"execution_time": 0.26329469680786133, "passed": true}, "21": {"execution_time": 0.22539854049682617, "passed": true}, "22": {"execution_time": 0.22017621994018555, "passed": true}, "23": {"execution_time": 0.2264244556427002, "passed": true}, "24": {"execution_time": 0.18051600456237793, "passed": true}, "25": {"execution_time": 0.5600850582122803, "passed": true}, "26": {"execution_time": 0.4697425365447998, "passed": true}, "27": {"execution_time": 0.5665268898010254, "passed": true}, "28": {"execution_time": 0.8269534111022949, "passed": true}, "29": {"execution_time": 0.16455769538879395, "passed": true}}}, "check_style_score": "0/1"}