{"version": "1", "message": "ERROR: Hidden Testcases server unreachable.", "problem_id": "ads2_m16_a1_1", "user_id": "pranay0124@msitprogram.net", "score": {"sample": {"0": {"execution_time": 0.5781824588775635, "passed": false}, "1": {"execution_time": 0.5814981460571289, "passed": false}, "2": {"execution_time": 1.1188526153564453, "passed": true}, "3": {"execution_time": 1.1056952476501465, "passed": true}, "4": {"execution_time": 1.1609697341918945, "passed": false}, "5": {"execution_time": 1.0847456455230713, "passed": false}, "6": {"execution_time": 1.1362566947937012, "passed": false}, "7": {"execution_time": 1.1908855438232422, "passed": true}, "8": {"execution_time": 0.6791512966156006, "passed": false}, "9": {"execution_time": 1.0645673274993896, "passed": false}, "10": {"execution_time": 1.1193757057189941, "passed": false}, "11": {"execution_time": 10.055737495422363, "passed": false}, "12": {"execution_time": 1.1725382804870605, "passed": false}, "13": {"execution_time": 0.5534279346466064, "passed": true}, "14": {"execution_time": 1.1048662662506104, "passed": false}, "15": {"execution_time": 1.2322766780853271, "passed": false}, "16": {"execution_time": 0.6098780632019043, "passed": true}, "17": {"execution_time": 0.6460840702056885, "passed": false}, "18": {"execution_time": 0.6757950782775879, "passed": false}, "19": {"execution_time": 0.7721264362335205, "passed": false}, "20": {"execution_time": 1.6230511665344238, "passed": false}, "21": {"execution_time": 0.6366751194000244, "passed": false}, "22": {"execution_time": 0.6712677478790283, "passed": false}, "23": {"execution_time": 0.6571485996246338, "passed": false}, "24": {"execution_time": 0.6795375347137451, "passed": true}, "25": {"execution_time": 3.3992855548858643, "passed": false}, "26": {"execution_time": 2.890566110610962, "passed": false}, "27": {"execution_time": 4.505064010620117, "passed": false}, "28": {"execution_time": 5.615813493728638, "passed": false}, "29": {"execution_time": 0.49696803092956543, "passed": true}}}, "check_style_score": "0/1"}