{"version": "1", "message": "ERROR: Hidden Testcases server unreachable.", "problem_id": "ads2_m16_a1_1", "user_id": "pranay0124@msitprogram.net", "score": {"sample": {"0": {"execution_time": 1.3972446918487549, "passed": true}, "1": {"execution_time": 0.5883724689483643, "passed": true}, "2": {"execution_time": 1.1689910888671875, "passed": true}, "3": {"execution_time": 1.2164671421051025, "passed": true}, "4": {"execution_time": 1.258530616760254, "passed": true}, "5": {"execution_time": 1.083047866821289, "passed": true}, "6": {"execution_time": 1.041485071182251, "passed": true}, "7": {"execution_time": 1.2526593208312988, "passed": true}, "8": {"execution_time": 0.688495397567749, "passed": true}, "9": {"execution_time": 1.08315110206604, "passed": true}, "10": {"execution_time": 1.0591754913330078, "passed": true}, "11": {"execution_time": 5.553713083267212, "passed": true}, "12": {"execution_time": 1.220731496810913, "passed": true}, "13": {"execution_time": 0.5283725261688232, "passed": true}, "14": {"execution_time": 1.0626604557037354, "passed": true}, "15": {"execution_time": 1.0900495052337646, "passed": true}, "16": {"execution_time": 0.7794888019561768, "passed": true}, "17": {"execution_time": 0.6242673397064209, "passed": true}, "18": {"execution_time": 0.5824398994445801, "passed": true}, "19": {"execution_time": 0.7845726013183594, "passed": true}, "20": {"execution_time": 0.6672163009643555, "passed": true}, "21": {"execution_time": 0.5881896018981934, "passed": true}, "22": {"execution_time": 0.651702880859375, "passed": true}, "23": {"execution_time": 0.648219108581543, "passed": true}, "24": {"execution_time": 0.47653818130493164, "passed": true}, "25": {"execution_time": 1.287520408630371, "passed": true}, "26": {"execution_time": 1.1938447952270508, "passed": true}, "27": {"execution_time": 1.3525714874267578, "passed": true}, "28": {"execution_time": 2.1594533920288086, "passed": true}, "29": {"execution_time": 0.5017585754394531, "passed": true}}}, "check_style_score": "0/1"}