{"version": "1", "message": "ERROR: Hidden Testcases server unreachable.", "problem_id": "ads2_m16_a1_1", "user_id": "pranay0124@msitprogram.net", "score": {"sample": {"0": {"execution_time": 0.5607342720031738, "passed": true}, "1": {"execution_time": 0.5594022274017334, "passed": false}, "2": {"execution_time": 1.384864091873169, "passed": true}, "3": {"execution_time": 1.2462916374206543, "passed": true}, "4": {"execution_time": 1.3298273086547852, "passed": true}, "5": {"execution_time": 1.182631492614746, "passed": false}, "6": {"execution_time": 1.2039470672607422, "passed": false}, "7": {"execution_time": 1.1495885848999023, "passed": true}, "8": {"execution_time": 0.8680799007415771, "passed": false}, "9": {"execution_time": 1.190427541732788, "passed": false}, "10": {"execution_time": 1.2587175369262695, "passed": false}, "11": {"execution_time": 0.4059295654296875, "passed": false}, "12": {"execution_time": 1.4795575141906738, "passed": false}, "13": {"execution_time": 0.5454730987548828, "passed": true}, "14": {"execution_time": 1.4705564975738525, "passed": false}, "15": {"execution_time": 1.3682043552398682, "passed": false}, "16": {"execution_time": 0.7060062885284424, "passed": true}, "17": {"execution_time": 0.7099940776824951, "passed": true}, "18": {"execution_time": 0.5845956802368164, "passed": false}, "19": {"execution_time": 0.6647579669952393, "passed": true}, "20": {"execution_time": 0.6602752208709717, "passed": false}, "21": {"execution_time": 0.5375528335571289, "passed": true}, "22": {"execution_time": 0.6885418891906738, "passed": true}, "23": {"execution_time": 0.752922534942627, "passed": true}, "24": {"execution_time": 0.4658694267272949, "passed": true}, "25": {"execution_time": 1.7531847953796387, "passed": false}, "26": {"execution_time": 1.3805553913116455, "passed": false}, "27": {"execution_time": 1.630722999572754, "passed": false}, "28": {"execution_time": 2.3744349479675293, "passed": false}, "29": {"execution_time": 0.4941871166229248, "passed": true}}}, "check_style_score": "0/1"}