{"version": "1", "message": "ERROR: Hidden Testcases server unreachable.", "problem_id": "ads2_m16_a1_1", "user_id": "pranay0124@msitprogram.net", "score": {"sample": {"0": {"execution_time": 0.6210379600524902, "passed": true}, "1": {"execution_time": 0.6088705062866211, "passed": false}, "2": {"execution_time": 1.2098112106323242, "passed": true}, "3": {"execution_time": 0.943617582321167, "passed": true}, "4": {"execution_time": 1.2886641025543213, "passed": true}, "5": {"execution_time": 1.207005262374878, "passed": true}, "6": {"execution_time": 1.1730520725250244, "passed": true}, "7": {"execution_time": 1.0365703105926514, "passed": true}, "8": {"execution_time": 0.7054121494293213, "passed": false}, "9": {"execution_time": 1.1835627555847168, "passed": true}, "10": {"execution_time": 1.087557315826416, "passed": true}, "11": {"execution_time": 0.5754859447479248, "passed": false}, "12": {"execution_time": 1.0537054538726807, "passed": false}, "13": {"execution_time": 0.6264533996582031, "passed": true}, "14": {"execution_time": 1.1647987365722656, "passed": true}, "15": {"execution_time": 1.3747756481170654, "passed": true}, "16": {"execution_time": 0.5411891937255859, "passed": true}, "17": {"execution_time": 0.730499267578125, "passed": true}, "18": {"execution_time": 0.6541628837585449, "passed": true}, "19": {"execution_time": 0.6968469619750977, "passed": true}, "20": {"execution_time": 0.8152000904083252, "passed": true}, "21": {"execution_time": 0.6311740875244141, "passed": true}, "22": {"execution_time": 0.6634712219238281, "passed": true}, "23": {"execution_time": 0.7087533473968506, "passed": true}, "24": {"execution_time": 0.4615471363067627, "passed": true}, "25": {"execution_time": 1.4022674560546875, "passed": true}, "26": {"execution_time": 1.1253058910369873, "passed": true}, "27": {"execution_time": 1.4915804862976074, "passed": true}, "28": {"execution_time": 1.9986228942871094, "passed": true}, "29": {"execution_time": 0.5285520553588867, "passed": true}}}, "check_style_score": "0/1"}