{"version": "1", "message": "ERROR: Hidden Testcases server unreachable.", "problem_id": "ads2_m16_a1_1", "user_id": "pranay0124@msitprogram.net", "score": {"sample": {"0": {"execution_time": 0.20249128341674805, "passed": true}, "1": {"execution_time": 0.20595407485961914, "passed": true}, "2": {"execution_time": 0.4214458465576172, "passed": true}, "3": {"execution_time": 0.42090916633605957, "passed": true}, "4": {"execution_time": 0.4506800174713135, "passed": true}, "5": {"execution_time": 0.4454312324523926, "passed": true}, "6": {"execution_time": 0.42590999603271484, "passed": true}, "7": {"execution_time": 0.43651390075683594, "passed": true}, "8": {"execution_time": 0.24438977241516113, "passed": true}, "9": {"execution_time": 0.4415743350982666, "passed": true}, "10": {"execution_time": 0.43141913414001465, "passed": true}, "11": {"execution_time": 3.1114988327026367, "passed": true}, "12": {"execution_time": 0.42789125442504883, "passed": true}, "13": {"execution_time": 0.1822209358215332, "passed": true}, "14": {"execution_time": 0.4268922805786133, "passed": true}, "15": {"execution_time": 0.4389219284057617, "passed": true}, "16": {"execution_time": 0.23935842514038086, "passed": true}, "17": {"execution_time": 0.22245049476623535, "passed": true}, "18": {"execution_time": 0.2214031219482422, "passed": true}, "19": {"execution_time": 0.2343759536743164, "passed": true}, "20": {"execution_time": 0.25483059883117676, "passed": true}, "21": {"execution_time": 0.22444844245910645, "passed": true}, "22": {"execution_time": 0.21042871475219727, "passed": true}, "23": {"execution_time": 0.22348403930664062, "passed": true}, "24": {"execution_time": 0.18350982666015625, "passed": true}, "25": {"execution_time": 0.5520741939544678, "passed": true}, "26": {"execution_time": 0.46607494354248047, "passed": true}, "27": {"execution_time": 0.5645449161529541, "passed": true}, "28": {"execution_time": 0.8067996501922607, "passed": true}, "29": {"execution_time": 0.17852330207824707, "passed": true}}}, "check_style_score": "0/1"}