{"version": "1", "message": "ERROR: Hidden Testcases server unreachable.", "problem_id": "ads2_m16_a1_1", "user_id": "pranay0124@msitprogram.net", "score": {"sample": {"0": {"execution_time": 0.6221683025360107, "passed": true}, "1": {"execution_time": 0.5903129577636719, "passed": false}, "2": {"execution_time": 1.1449377536773682, "passed": true}, "3": {"execution_time": 1.2165491580963135, "passed": true}, "4": {"execution_time": 1.1868689060211182, "passed": true}, "5": {"execution_time": 1.2438409328460693, "passed": false}, "6": {"execution_time": 1.1841320991516113, "passed": false}, "7": {"execution_time": 1.1837024688720703, "passed": true}, "8": {"execution_time": 0.7020339965820312, "passed": false}, "9": {"execution_time": 1.1646466255187988, "passed": false}, "10": {"execution_time": 1.172363042831421, "passed": false}, "11": {"execution_time": 6.32246994972229, "passed": false}, "12": {"execution_time": 1.2346360683441162, "passed": false}, "13": {"execution_time": 0.5451648235321045, "passed": true}, "14": {"execution_time": 1.1443696022033691, "passed": false}, "15": {"execution_time": 1.1860251426696777, "passed": false}, "16": {"execution_time": 0.6880373954772949, "passed": true}, "17": {"execution_time": 0.6440985202789307, "passed": true}, "18": {"execution_time": 0.6480367183685303, "passed": false}, "19": {"execution_time": 0.7021195888519287, "passed": true}, "20": {"execution_time": 0.7462098598480225, "passed": false}, "21": {"execution_time": 0.6072156429290771, "passed": true}, "22": {"execution_time": 0.6655077934265137, "passed": true}, "23": {"execution_time": 0.6614470481872559, "passed": true}, "24": {"execution_time": 0.5282869338989258, "passed": true}, "25": {"execution_time": 1.483396053314209, "passed": false}, "26": {"execution_time": 1.203472375869751, "passed": false}, "27": {"execution_time": 1.479933500289917, "passed": false}, "28": {"execution_time": 2.1382133960723877, "passed": false}, "29": {"execution_time": 0.5034329891204834, "passed": true}}}, "check_style_score": "0/1"}