{"version": "1", "message": "ERROR: Hidden Testcases server unreachable.", "problem_id": "ads2_m16_a1_1", "user_id": "pranay0124@msitprogram.net", "score": {"sample": {"0": {"execution_time": 0.586522102355957, "passed": true}, "1": {"execution_time": 0.5504670143127441, "passed": false}, "2": {"execution_time": 1.2038071155548096, "passed": true}, "3": {"execution_time": 1.3076112270355225, "passed": true}, "4": {"execution_time": 1.2710671424865723, "passed": true}, "5": {"execution_time": 1.2523002624511719, "passed": false}, "6": {"execution_time": 1.4214911460876465, "passed": false}, "7": {"execution_time": 1.233720064163208, "passed": true}, "8": {"execution_time": 0.6926801204681396, "passed": false}, "9": {"execution_time": 1.2985851764678955, "passed": false}, "10": {"execution_time": 1.3075816631317139, "passed": false}, "11": {"execution_time": 0.4838590621948242, "passed": false}, "12": {"execution_time": 1.2037739753723145, "passed": false}, "13": {"execution_time": 0.592592716217041, "passed": true}, "14": {"execution_time": 1.1856191158294678, "passed": false}, "15": {"execution_time": 1.3353259563446045, "passed": false}, "16": {"execution_time": 0.6708881855010986, "passed": true}, "17": {"execution_time": 0.6118068695068359, "passed": true}, "18": {"execution_time": 0.8013384342193604, "passed": false}, "19": {"execution_time": 0.6479179859161377, "passed": true}, "20": {"execution_time": 0.7005720138549805, "passed": false}, "21": {"execution_time": 0.6456851959228516, "passed": true}, "22": {"execution_time": 0.5660488605499268, "passed": true}, "23": {"execution_time": 0.651907205581665, "passed": true}, "24": {"execution_time": 0.8810060024261475, "passed": true}, "25": {"execution_time": 1.662937879562378, "passed": false}, "26": {"execution_time": 1.2974092960357666, "passed": false}, "27": {"execution_time": 1.7085011005401611, "passed": false}, "28": {"execution_time": 2.1754486560821533, "passed": false}, "29": {"execution_time": 0.464339017868042, "passed": true}}}, "check_style_score": "0/1"}