{"version": "1", "message": "ERROR: Hidden Testcases server unreachable.", "problem_id": "ads2_m16_a1_1", "user_id": "pranay0124@msitprogram.net", "score": {"sample": {"0": {"execution_time": 0.2165989875793457, "passed": true}, "1": {"execution_time": 0.19848036766052246, "passed": true}, "2": {"execution_time": 0.4301607608795166, "passed": true}, "3": {"execution_time": 0.44690608978271484, "passed": true}, "4": {"execution_time": 0.4309520721435547, "passed": true}, "5": {"execution_time": 0.43911004066467285, "passed": true}, "6": {"execution_time": 0.4448089599609375, "passed": true}, "7": {"execution_time": 0.4373915195465088, "passed": true}, "8": {"execution_time": 0.22838878631591797, "passed": true}, "9": {"execution_time": 0.44100379943847656, "passed": true}, "10": {"execution_time": 0.420926570892334, "passed": true}, "11": {"execution_time": 3.1763293743133545, "passed": true}, "12": {"execution_time": 0.4574146270751953, "passed": true}, "13": {"execution_time": 0.17453718185424805, "passed": true}, "14": {"execution_time": 0.4581787586212158, "passed": true}, "15": {"execution_time": 0.4318976402282715, "passed": true}, "16": {"execution_time": 0.2419109344482422, "passed": true}, "17": {"execution_time": 0.22639179229736328, "passed": true}, "18": {"execution_time": 0.2211911678314209, "passed": true}, "19": {"execution_time": 0.2234041690826416, "passed": true}, "20": {"execution_time": 0.24540495872497559, "passed": true}, "21": {"execution_time": 0.24335169792175293, "passed": true}, "22": {"execution_time": 0.22040963172912598, "passed": true}, "23": {"execution_time": 0.22498154640197754, "passed": true}, "24": {"execution_time": 0.1685793399810791, "passed": true}, "25": {"execution_time": 0.559668779373169, "passed": true}, "26": {"execution_time": 0.4637603759765625, "passed": true}, "27": {"execution_time": 0.6047163009643555, "passed": true}, "28": {"execution_time": 0.8201823234558105, "passed": true}, "29": {"execution_time": 0.17553186416625977, "passed": true}}}, "check_style_score": "0/1"}