{"version": "1", "message": "ERROR: Hidden Testcases server unreachable.", "problem_id": "ads2_m16_a1_1", "user_id": "pranay0124@msitprogram.net", "score": {"sample": {"0": {"execution_time": 0.19249868392944336, "passed": true}, "1": {"execution_time": 0.19947600364685059, "passed": true}, "2": {"execution_time": 0.4558296203613281, "passed": true}, "3": {"execution_time": 0.4408130645751953, "passed": true}, "4": {"execution_time": 0.4508640766143799, "passed": true}, "5": {"execution_time": 0.45700931549072266, "passed": true}, "6": {"execution_time": 0.4507620334625244, "passed": true}, "7": {"execution_time": 0.42882370948791504, "passed": true}, "8": {"execution_time": 0.2348325252532959, "passed": true}, "9": {"execution_time": 0.4238719940185547, "passed": true}, "10": {"execution_time": 0.434581995010376, "passed": true}, "11": {"execution_time": 3.186969757080078, "passed": true}, "12": {"execution_time": 0.45778656005859375, "passed": true}, "13": {"execution_time": 0.1775224208831787, "passed": true}, "14": {"execution_time": 0.4419238567352295, "passed": true}, "15": {"execution_time": 0.4414057731628418, "passed": true}, "16": {"execution_time": 0.22295928001403809, "passed": true}, "17": {"execution_time": 0.21843981742858887, "passed": true}, "18": {"execution_time": 0.21902084350585938, "passed": true}, "19": {"execution_time": 0.23138117790222168, "passed": true}, "20": {"execution_time": 0.2533242702484131, "passed": true}, "21": {"execution_time": 0.22042036056518555, "passed": true}, "22": {"execution_time": 0.23141860961914062, "passed": true}, "23": {"execution_time": 0.2373981475830078, "passed": true}, "24": {"execution_time": 0.1754322052001953, "passed": true}, "25": {"execution_time": 0.5545105934143066, "passed": true}, "26": {"execution_time": 0.4534428119659424, "passed": true}, "27": {"execution_time": 0.5625414848327637, "passed": true}, "28": {"execution_time": 0.8065705299377441, "passed": true}, "29": {"execution_time": 0.16858172416687012, "passed": true}}}, "check_style_score": "0/1"}